{
  "loan": {
    "optimal_threshold": 0.68,
    "accuracy": 0.6421725239616614,
    "precision": 0.6285714285714286,
    "recall": 0.3384615384615385,
    "f1": 0.44,
    "roc_auc": 0.6025430853299706
  },
  "utility": {
    "optimal_threshold": 0.32237747795194127,
    "accuracy": 0.5207667731629393,
    "precision": 0.39226519337016574,
    "recall": 0.6396396396396397,
    "f1": 0.4863013698630137,
    "roc_auc": 0.5326019088395325
  },
  "finance": {
    "optimal_threshold": 0.3847111199980732,
    "accuracy": 0.610223642172524,
    "precision": 0.5300546448087432,
    "recall": 0.7293233082706767,
    "f1": 0.6139240506329114,
    "roc_auc": 0.6380743525480368
  },
  "shopping": {
    "optimal_threshold": 0.06,
    "accuracy": 0.3450479233226837,
    "precision": 0.3219178082191781,
    "recall": 0.9306930693069307,
    "f1": 0.47837150127226463,
    "roc_auc": 0.47204838408369143
  },
  "financial_services": {
    "optimal_threshold": 0.02940127388535032,
    "accuracy": 0.4281150159744409,
    "precision": 0.18536585365853658,
    "recall": 0.76,
    "f1": 0.2980392156862745,
    "roc_auc": 0.5199239543726236
  },
  "health_and_care": {
    "optimal_threshold": 0.4678555779535053,
    "accuracy": 0.8753993610223643,
    "precision": 0.1111111111111111,
    "recall": 0.08,
    "f1": 0.09302325581395349,
    "roc_auc": 0.42618055555555556
  },
  "home_lifestyle": {
    "optimal_threshold": 0.06,
    "accuracy": 0.5239616613418531,
    "precision": 0.12582781456953643,
    "recall": 0.5277777777777778,
    "f1": 0.20320855614973263,
    "roc_auc": 0.48455675892498995
  },
  "transport_travel": {
    "optimal_threshold": 0.13,
    "accuracy": 0.8370607028753994,
    "precision": 0.047619047619047616,
    "recall": 0.15384615384615385,
    "f1": 0.07272727272727272,
    "roc_auc": 0.5415384615384615
  },
  "leisure": {
    "optimal_threshold": 0.01,
    "accuracy": 0.4281150159744409,
    "precision": 0.08900523560209424,
    "recall": 0.7727272727272727,
    "f1": 0.1596244131455399,
    "roc_auc": 0.5577163386441737
  },
  "public_services": {
    "optimal_threshold": 0.1,
    "accuracy": 0.8146964856230032,
    "precision": 0.018867924528301886,
    "recall": 0.14285714285714285,
    "f1": 0.03333333333333333,
    "roc_auc": 0.41339869281045744
  }
}