{
  "loan": {
    "optimal_threshold": 0.29157804459066194,
    "accuracy": 0.5892857142857143,
    "precision": 0.5493827160493827,
    "recall": 0.6793893129770993,
    "f1": 0.6075085324232082,
    "roc_auc": 0.6061017470157283
  },
  "utility": {
    "optimal_threshold": 0.01,
    "accuracy": 0.3821428571428571,
    "precision": 0.3804347826086957,
    "recall": 0.9813084112149533,
    "f1": 0.5483028720626631,
    "roc_auc": 0.47863432553616764
  },
  "finance": {
    "optimal_threshold": 0.5128676183768509,
    "accuracy": 0.6214285714285714,
    "precision": 0.6213592233009708,
    "recall": 0.48854961832061067,
    "f1": 0.5470085470085471,
    "roc_auc": 0.6132998616732414
  },
  "shopping": {
    "optimal_threshold": 0.17112675940047392,
    "accuracy": 0.42857142857142855,
    "precision": 0.3561643835616438,
    "recall": 0.8041237113402062,
    "f1": 0.4936708860759494,
    "roc_auc": 0.4953242070869246
  },
  "financial_services": {
    "optimal_threshold": 0.19,
    "accuracy": 0.7178571428571429,
    "precision": 0.13432835820895522,
    "recall": 0.3,
    "f1": 0.18556701030927836,
    "roc_auc": 0.4865333333333333
  },
  "health_and_care": {
    "optimal_threshold": 0.31,
    "accuracy": 0.8428571428571429,
    "precision": 0.10714285714285714,
    "recall": 0.13636363636363635,
    "f1": 0.12,
    "roc_auc": 0.47903453136011276
  },
  "home_lifestyle": {
    "optimal_threshold": 0.0,
    "accuracy": 0.19285714285714287,
    "precision": 0.08438818565400844,
    "recall": 0.6896551724137931,
    "f1": 0.15037593984962405,
    "roc_auc": 0.40163483995054267
  },
  "transport_travel": {
    "optimal_threshold": 0.6358852426524046,
    "accuracy": 0.9142857142857143,
    "precision": 0.0,
    "recall": 0.0,
    "f1": 0.0,
    "roc_auc": 0.3447267594273039
  },
  "leisure": {
    "optimal_threshold": 0.33,
    "accuracy": 0.9178571428571428,
    "precision": 0.3,
    "recall": 0.4,
    "f1": 0.34285714285714286,
    "roc_auc": 0.6821383647798742
  },
  "public_services": {
    "optimal_threshold": 0.2,
    "accuracy": 0.8785714285714286,
    "precision": 0.0,
    "recall": 0.0,
    "f1": 0.0,
    "roc_auc": 0.42166666666666663
  }
}