{
  "loan": {
    "optimal_threshold": 0.20181058737014332,
    "accuracy": 0.5399361022364217,
    "precision": 0.4692982456140351,
    "recall": 0.823076923076923,
    "f1": 0.5977653631284916,
    "roc_auc": 0.6273013871374528
  },
  "utility": {
    "optimal_threshold": 0.04823985323220033,
    "accuracy": 0.38338658146964855,
    "precision": 0.36423841059602646,
    "recall": 0.990990990990991,
    "f1": 0.5326876513317191,
    "roc_auc": 0.533895281420034
  },
  "finance": {
    "optimal_threshold": 0.2,
    "accuracy": 0.5399361022364217,
    "precision": 0.4777327935222672,
    "recall": 0.8872180451127819,
    "f1": 0.6210526315789474,
    "roc_auc": 0.6317878028404345
  },
  "shopping": {
    "optimal_threshold": 0.02,
    "accuracy": 0.3354632587859425,
    "precision": 0.3268608414239482,
    "recall": 1.0,
    "f1": 0.4926829268292683,
    "roc_auc": 0.4863394358303755
  },
  "financial_services": {
    "optimal_threshold": 0.056229288973534644,
    "accuracy": 0.4984025559105431,
    "precision": 0.19428571428571428,
    "recall": 0.68,
    "f1": 0.3022222222222222,
    "roc_auc": 0.5376045627376426
  },
  "health_and_care": {
    "optimal_threshold": 0.0,
    "accuracy": 0.07987220447284345,
    "precision": 0.07987220447284345,
    "recall": 1.0,
    "f1": 0.14792899408284024,
    "roc_auc": 0.4525
  },
  "home_lifestyle": {
    "optimal_threshold": 0.0,
    "accuracy": 0.11501597444089456,
    "precision": 0.11501597444089456,
    "recall": 1.0,
    "f1": 0.20630372492836677,
    "roc_auc": 0.49398315282791827
  },
  "transport_travel": {
    "optimal_threshold": 0.1388622392966677,
    "accuracy": 0.8690095846645367,
    "precision": 0.08823529411764706,
    "recall": 0.23076923076923078,
    "f1": 0.1276595744680851,
    "roc_auc": 0.4512820512820513
  },
  "leisure": {
    "optimal_threshold": 0.18441564961957757,
    "accuracy": 0.8466453674121406,
    "precision": 0.1388888888888889,
    "recall": 0.22727272727272727,
    "f1": 0.1724137931034483,
    "roc_auc": 0.5810684161199626
  },
  "public_services": {
    "optimal_threshold": 0.0,
    "accuracy": 0.022364217252396165,
    "precision": 0.022364217252396165,
    "recall": 1.0,
    "f1": 0.04375,
    "roc_auc": 0.28548085901027076
  }
}