{
  "loan": {
    "accuracy": 0.597444089456869,
    "precision": 0.5158730158730159,
    "recall": 0.5,
    "f1": 0.5078125,
    "roc_auc": 0.6273013871374528
  },
  "utility": {
    "accuracy": 0.5591054313099042,
    "precision": 0.3826086956521739,
    "recall": 0.3963963963963964,
    "f1": 0.3893805309734513,
    "roc_auc": 0.533895281420034
  },
  "finance": {
    "accuracy": 0.6166134185303515,
    "precision": 0.5460992907801419,
    "recall": 0.5789473684210527,
    "f1": 0.5620437956204379,
    "roc_auc": 0.6317878028404345
  },
  "shopping": {
    "accuracy": 0.536741214057508,
    "precision": 0.28846153846153844,
    "recall": 0.297029702970297,
    "f1": 0.2926829268292683,
    "roc_auc": 0.4863394358303755
  },
  "financial_services": {
    "accuracy": 0.805111821086262,
    "precision": 0.17647058823529413,
    "recall": 0.06,
    "f1": 0.08955223880597014,
    "roc_auc": 0.5376045627376426
  },
  "health_and_care": {
    "accuracy": 0.8753993610223643,
    "precision": 0.0625,
    "recall": 0.04,
    "f1": 0.04878048780487805,
    "roc_auc": 0.4525
  },
  "home_lifestyle": {
    "accuracy": 0.8370607028753994,
    "precision": 0.10526315789473684,
    "recall": 0.05555555555555555,
    "f1": 0.07272727272727272,
    "roc_auc": 0.49398315282791827
  },
  "transport_travel": {
    "accuracy": 0.9297124600638977,
    "precision": 0.0,
    "recall": 0.0,
    "f1": 0.0,
    "roc_auc": 0.4512820512820513
  },
  "leisure": {
    "accuracy": 0.9009584664536742,
    "precision": 0.15384615384615385,
    "recall": 0.09090909090909091,
    "f1": 0.11428571428571428,
    "roc_auc": 0.5810684161199626
  },
  "public_services": {
    "accuracy": 0.9584664536741214,
    "precision": 0.0,
    "recall": 0.0,
    "f1": 0.0,
    "roc_auc": 0.28548085901027076
  }
}