{
  "loan": {
    "optimal_threshold": 0.57,
    "accuracy": 0.6325878594249201,
    "precision": 0.5684210526315789,
    "recall": 0.421875,
    "f1": 0.484304932735426,
    "roc_auc": 0.6220861486486486
  },
  "utility": {
    "optimal_threshold": 0.2463842437755481,
    "accuracy": 0.4952076677316294,
    "precision": 0.38571428571428573,
    "recall": 0.7363636363636363,
    "f1": 0.50625,
    "roc_auc": 0.530026869682042
  },
  "finance": {
    "optimal_threshold": 0.32909854697240365,
    "accuracy": 0.5878594249201278,
    "precision": 0.5396039603960396,
    "recall": 0.7517241379310344,
    "f1": 0.6282420749279539,
    "roc_auc": 0.6152504105090311
  },
  "shopping": {
    "optimal_threshold": 0.05134964578712263,
    "accuracy": 0.3961661341853035,
    "precision": 0.38205980066445183,
    "recall": 0.9745762711864406,
    "f1": 0.548926014319809,
    "roc_auc": 0.49902216427640145
  },
  "financial_services": {
    "optimal_threshold": 0.6141535396807732,
    "accuracy": 0.8785942492012779,
    "precision": 0.2,
    "recall": 0.02857142857142857,
    "f1": 0.05,
    "roc_auc": 0.4989208633093525
  },
  "health_and_care": {
    "optimal_threshold": 0.713464108989738,
    "accuracy": 0.9169329073482428,
    "precision": 0.0,
    "recall": 0.0,
    "f1": 0.0,
    "roc_auc": 0.48409722222222223
  },
  "home_lifestyle": {
    "optimal_threshold": 0.15,
    "accuracy": 0.6869009584664537,
    "precision": 0.11627906976744186,
    "recall": 0.3125,
    "f1": 0.1694915254237288,
    "roc_auc": 0.5096196619217082
  },
  "transport_travel": {
    "optimal_threshold": 0.0,
    "accuracy": 0.402555910543131,
    "precision": 0.031914893617021274,
    "recall": 0.5454545454545454,
    "f1": 0.06030150753768844,
    "roc_auc": 0.42775436484045753
  },
  "leisure": {
    "optimal_threshold": 0.56,
    "accuracy": 0.9137380191693291,
    "precision": 0.18181818181818182,
    "recall": 0.1,
    "f1": 0.12903225806451613,
    "roc_auc": 0.631740614334471
  },
  "public_services": {
    "optimal_threshold": 0.0,
    "accuracy": 0.44089456869009586,
    "precision": 0.040697674418604654,
    "recall": 0.4117647058823529,
    "f1": 0.07407407407407407,
    "roc_auc": 0.3923887122416534
  }
}