{
  "loan": {
    "rmse": 0.36413177618429754,
    "mae": 0.2813741324914685,
    "r2": 0.014477905132430413
  },
  "utility": {
    "rmse": 0.30543022894177857,
    "mae": 0.24021627830565617,
    "r2": 0.014490246478136015
  },
  "finance": {
    "rmse": 0.3224664282185302,
    "mae": 0.2660262300093696,
    "r2": 0.09156775989707899
  },
  "shopping": {
    "rmse": 0.28119271719068545,
    "mae": 0.2139345693892864,
    "r2": 0.027229410508567753
  },
  "financial_services": {
    "rmse": 0.2412721701741008,
    "mae": 0.1282025298998957,
    "r2": -0.016221391672240237
  },
  "health_and_care": {
    "rmse": 0.08260194913539581,
    "mae": 0.043085050531288666,
    "r2": -0.0123759558821952
  },
  "home_lifestyle": {
    "rmse": 0.15417370931766475,
    "mae": 0.061836294498842474,
    "r2": 0.053447841050983325
  },
  "transport_travel": {
    "rmse": 0.10952555593739817,
    "mae": 0.03171345322520284,
    "r2": -0.0013168354975201524
  },
  "leisure": {
    "rmse": 0.10143168059761007,
    "mae": 0.0361439570317344,
    "r2": 0.0009941666376753755
  },
  "public_services": {
    "rmse": 0.10055149368079358,
    "mae": 0.031092493189181444,
    "r2": -0.004652572421585788
  }
}