{
  "loan": {
    "rmse": 61572.79175901026,
    "mae": 12263.577194745127,
    "r2": 0.0049133967390864175
  },
  "utility": {
    "rmse": 3908.4946891828317,
    "mae": 1385.667379469754,
    "r2": 0.004834068583917106
  },
  "finance": {
    "rmse": 6086.489034412846,
    "mae": 3451.2220832349817,
    "r2": -0.060710406132456374
  },
  "shopping": {
    "rmse": 34010.69951883324,
    "mae": 5945.523408606199,
    "r2": 0.006777451816242341
  },
  "financial_services": {
    "rmse": 84487.68760006066,
    "mae": 37530.00166406158,
    "r2": -0.11666271380300253
  },
  "health_and_care": {
    "rmse": 1380.621730903106,
    "mae": 674.4239958723873,
    "r2": -0.046420192841941876
  },
  "home_lifestyle": {
    "rmse": 2331.415003370782,
    "mae": 782.869091521675,
    "r2": -0.009136377922549066
  },
  "transport_travel": {
    "rmse": 2209.2979656137277,
    "mae": 1725.9302517101123,
    "r2": -3.4058521499727537
  },
  "leisure": {
    "rmse": 142.96289245414388,
    "mae": 81.44779438083968,
    "r2": -0.057107800710026746
  },
  "public_services": {
    "rmse": 4066.458194694344,
    "mae": 1336.461125121143,
    "r2": -0.03025860110069578
  }
}