{
  "loan": {
    "optimal_threshold": 7258.4311256776455,
    "accuracy": 0.6485623003194888,
    "precision": 0.5625,
    "recall": 0.6328125,
    "f1": 0.5955882352941176,
    "rmse": 61572.79175901026,
    "mae": 12263.577194745127,
    "r2": 0.0049133967390864175
  },
  "utility": {
    "optimal_threshold": 870.1567511898063,
    "accuracy": 0.476038338658147,
    "precision": 0.38362068965517243,
    "recall": 0.8090909090909091,
    "f1": 0.52046783625731,
    "rmse": 3908.4946891828317,
    "mae": 1385.667379469754,
    "r2": 0.004834068583917106
  },
  "finance": {
    "optimal_threshold": 2984.713628017441,
    "accuracy": 0.5846645367412141,
    "precision": 0.5369458128078818,
    "recall": 0.7517241379310344,
    "f1": 0.6264367816091954,
    "rmse": 6086.489034412846,
    "mae": 3451.2220832349817,
    "r2": -0.060710406132456374
  },
  "shopping": {
    "optimal_threshold": 1752.2446261524806,
    "accuracy": 0.38338658146964855,
    "precision": 0.3778501628664495,
    "recall": 0.9830508474576272,
    "f1": 0.5458823529411765,
    "rmse": 34010.69951883324,
    "mae": 5945.523408606199,
    "r2": 0.006777451816242341
  },
  "financial_services": {
    "optimal_threshold": 32040.05185261523,
    "accuracy": 0.3706070287539936,
    "precision": 0.1179245283018868,
    "recall": 0.7142857142857143,
    "f1": 0.20242914979757085,
    "rmse": 84487.68760006066,
    "mae": 37530.00166406158,
    "r2": -0.11666271380300253
  },
  "health_and_care": {
    "optimal_threshold": 627.0069083191839,
    "accuracy": 0.8626198083067093,
    "precision": 0.17857142857142858,
    "recall": 0.2,
    "f1": 0.18867924528301888,
    "rmse": 1380.621730903106,
    "mae": 674.4239958723873,
    "r2": -0.046420192841941876
  },
  "home_lifestyle": {
    "optimal_threshold": 517.1122161927398,
    "accuracy": 0.4696485623003195,
    "precision": 0.11046511627906977,
    "recall": 0.59375,
    "f1": 0.18627450980392157,
    "rmse": 2331.415003370782,
    "mae": 782.869091521675,
    "r2": -0.009136377922549066
  },
  "transport_travel": {
    "optimal_threshold": 1573.9018592744712,
    "accuracy": 0.7284345047923323,
    "precision": 0.04878048780487805,
    "recall": 0.36363636363636365,
    "f1": 0.08602150537634409,
    "rmse": 2209.2979656137277,
    "mae": 1725.9302517101123,
    "r2": -3.4058521499727537
  },
  "leisure": {
    "optimal_threshold": 75.15743601541624,
    "accuracy": 0.8338658146964856,
    "precision": 0.15217391304347827,
    "recall": 0.35,
    "f1": 0.21212121212121213,
    "rmse": 142.96289245414388,
    "mae": 81.44779438083968,
    "r2": -0.057107800710026746
  },
  "public_services": {
    "optimal_threshold": 1053.6648861470526,
    "accuracy": 0.9361022364217252,
    "precision": 0.2,
    "recall": 0.058823529411764705,
    "f1": 0.09090909090909091,
    "rmse": 4066.458194694344,
    "mae": 1336.461125121143,
    "r2": -0.03025860110069578
  }
}