{
  "loan": {
    "optimal_threshold": 12497.418260632818,
    "accuracy": 0.6666666666666666,
    "precision": 0.9047619047619048,
    "recall": 0.2676056338028169,
    "f1": 0.41304347826086957,
    "rmse": 26214.19998305364,
    "mae": 10365.940177920209,
    "r2": 0.31890653665660906
  },
  "utility": {
    "optimal_threshold": 984.1844927902673,
    "accuracy": 0.6604938271604939,
    "precision": 0.8,
    "recall": 0.5,
    "f1": 0.6153846153846154,
    "rmse": 2726.349472509501,
    "mae": 1343.6355322712125,
    "r2": 0.1481922133598057
  },
  "finance": {
    "optimal_threshold": 1459.7617439504559,
    "accuracy": 0.691358024691358,
    "precision": 0.828125,
    "recall": 0.5760869565217391,
    "f1": 0.6794871794871795,
    "rmse": 13731.947733442936,
    "mae": 3581.222723115503,
    "r2": 0.6798933900251385
  },
  "shopping": {
    "optimal_threshold": 1238.616816269172,
    "accuracy": 0.6419753086419753,
    "precision": 0.5774647887323944,
    "recall": 0.5942028985507246,
    "f1": 0.5857142857142857,
    "rmse": 29888.692844449193,
    "mae": 5941.438371971787,
    "r2": 0.3388939256138427
  },
  "financial_services": {
    "optimal_threshold": 8306.486735354565,
    "accuracy": 0.7901234567901234,
    "precision": 0.47058823529411764,
    "recall": 0.24242424242424243,
    "f1": 0.32,
    "rmse": 95424.55121663823,
    "mae": 17125.210652681217,
    "r2": 0.06027700415271431
  },
  "health_and_care": {
    "optimal_threshold": 0.0,
    "accuracy": 0.09259259259259259,
    "precision": 0.09259259259259259,
    "recall": 1.0,
    "f1": 0.1694915254237288,
    "rmse": 4713.304691199262,
    "mae": 594.4887819569244,
    "r2": -0.0035492018061713537
  },
  "home_lifestyle": {
    "optimal_threshold": 510.827439810395,
    "accuracy": 0.8271604938271605,
    "precision": 0.6,
    "recall": 0.2,
    "f1": 0.3,
    "rmse": 9641.960458634809,
    "mae": 1576.9427109706369,
    "r2": -0.010381859174895203
  },
  "transport_travel": {
    "optimal_threshold": 2132.9226973415693,
    "accuracy": 0.9567901234567902,
    "precision": 0.5,
    "recall": 0.14285714285714285,
    "f1": 0.2222222222222222,
    "rmse": 754.3624097780317,
    "mae": 532.6106828590634,
    "r2": -2.608999147716504
  },
  "leisure": {
    "optimal_threshold": 127.93728875719776,
    "accuracy": 0.9012345679012346,
    "precision": 0.5384615384615384,
    "recall": 0.4117647058823529,
    "f1": 0.4666666666666667,
    "rmse": 190.760948383695,
    "mae": 77.0847262472558,
    "r2": 0.42293586099230074
  },
  "public_services": {
    "optimal_threshold": 1461.542795588394,
    "accuracy": 0.9506172839506173,
    "precision": 0.2,
    "recall": 0.2,
    "f1": 0.2,
    "rmse": 4380.1401458463815,
    "mae": 980.5543922695125,
    "r2": 0.02680353321380391
  }
}