{
  "loan": {
    "optimal_threshold": 0.1421787637085324,
    "accuracy": 0.5079872204472844,
    "precision": 0.45348837209302323,
    "recall": 0.9,
    "f1": 0.6030927835051546,
    "rmse": 0.36413177618429754,
    "mae": 0.2813741324914685,
    "r2": 0.014477905132430413
  },
  "utility": {
    "optimal_threshold": 0.15129064825475566,
    "accuracy": 0.3929712460063898,
    "precision": 0.367003367003367,
    "recall": 0.9819819819819819,
    "f1": 0.5343137254901961,
    "rmse": 0.30543022894177857,
    "mae": 0.24021627830565617,
    "r2": 0.014490246478136015
  },
  "finance": {
    "optimal_threshold": 0.18503684361851386,
    "accuracy": 0.6198083067092651,
    "precision": 0.5327102803738317,
    "recall": 0.8571428571428571,
    "f1": 0.6570605187319885,
    "rmse": 0.3224664282185302,
    "mae": 0.2660262300093696,
    "r2": 0.09156775989707899
  },
  "shopping": {
    "optimal_threshold": 0.0383068417592804,
    "accuracy": 0.33226837060702874,
    "precision": 0.3258064516129032,
    "recall": 1.0,
    "f1": 0.49148418491484186,
    "rmse": 0.28119271719068545,
    "mae": 0.2139345693892864,
    "r2": 0.027229410508567753
  },
  "financial_services": {
    "optimal_threshold": 0.056216061848214,
    "accuracy": 0.268370607028754,
    "precision": 0.16974169741697417,
    "recall": 0.92,
    "f1": 0.2866043613707165,
    "rmse": 0.2412721701741008,
    "mae": 0.1282025298998957,
    "r2": -0.016221391672240237
  },
  "health_and_care": {
    "optimal_threshold": 0.02918823791033063,
    "accuracy": 0.6389776357827476,
    "precision": 0.1206896551724138,
    "recall": 0.56,
    "f1": 0.19858156028368795,
    "rmse": 0.08260194913539581,
    "mae": 0.043085050531288666,
    "r2": -0.0123759558821952
  },
  "home_lifestyle": {
    "optimal_threshold": 0.025965626729021245,
    "accuracy": 0.610223642172524,
    "precision": 0.1532258064516129,
    "recall": 0.5277777777777778,
    "f1": 0.2375,
    "rmse": 0.15417370931766475,
    "mae": 0.061836294498842474,
    "r2": 0.053447841050983325
  },
  "transport_travel": {
    "optimal_threshold": 0.014375945024272805,
    "accuracy": 0.12460063897763578,
    "precision": 0.042105263157894736,
    "recall": 0.9230769230769231,
    "f1": 0.08053691275167785,
    "rmse": 0.10952555593739817,
    "mae": 0.03171345322520284,
    "r2": -0.0013168354975201524
  },
  "leisure": {
    "optimal_threshold": 0.01911511097010376,
    "accuracy": 0.48562300319488816,
    "precision": 0.07878787878787878,
    "recall": 0.5909090909090909,
    "f1": 0.13903743315508021,
    "rmse": 0.10143168059761007,
    "mae": 0.0361439570317344,
    "r2": 0.0009941666376753755
  },
  "public_services": {
    "optimal_threshold": 0.02154894681270105,
    "accuracy": 0.8242811501597445,
    "precision": 0.05555555555555555,
    "recall": 0.42857142857142855,
    "f1": 0.09836065573770492,
    "rmse": 0.10055149368079358,
    "mae": 0.031092493189181444,
    "r2": -0.004652572421585788
  }
}