{
  "loan": {
    "optimal_threshold": 1.025683920031228,
    "accuracy": 0.6389776357827476,
    "precision": 0.5955056179775281,
    "recall": 0.4076923076923077,
    "f1": 0.4840182648401826,
    "rmse": 1.5543321827836114,
    "mae": 0.9876348174216535,
    "r2": 0.016193670525698534
  },
  "utility": {
    "optimal_threshold": 0.9689631222869091,
    "accuracy": 0.4952076677316294,
    "precision": 0.39461883408071746,
    "recall": 0.7927927927927928,
    "f1": 0.5269461077844312,
    "rmse": 2.067049905224586,
    "mae": 1.203069797852176,
    "r2": 0.0009840314343354528
  },
  "finance": {
    "optimal_threshold": 3.1801227125627873,
    "accuracy": 0.6485623003194888,
    "precision": 0.5771812080536913,
    "recall": 0.6466165413533834,
    "f1": 0.6099290780141844,
    "rmse": 4.98652540710351,
    "mae": 3.12288703405423,
    "r2": 0.013462257159241764
  },
  "shopping": {
    "optimal_threshold": 1.3911842521729672,
    "accuracy": 0.4728434504792332,
    "precision": 0.3415841584158416,
    "recall": 0.6831683168316832,
    "f1": 0.45544554455445546,
    "rmse": 2.5569093183314062,
    "mae": 1.6276406674580548,
    "r2": -0.02576878068821853
  },
  "financial_services": {
    "optimal_threshold": 0.38253704106856373,
    "accuracy": 0.16613418530351437,
    "precision": 0.1607717041800643,
    "recall": 1.0,
    "f1": 0.2770083102493075,
    "rmse": 5.505020733009115,
    "mae": 1.1315525448985573,
    "r2": -0.006323164162838069
  },
  "health_and_care": {
    "optimal_threshold": 0.1740783782397984,
    "accuracy": 0.744408945686901,
    "precision": 0.1232876712328767,
    "recall": 0.36,
    "f1": 0.1836734693877551,
    "rmse": 0.5300457248669332,
    "mae": 0.2595677229039661,
    "r2": 0.002311124347980531
  },
  "home_lifestyle": {
    "optimal_threshold": 0.257991915728939,
    "accuracy": 0.865814696485623,
    "precision": 0.3125,
    "recall": 0.1388888888888889,
    "f1": 0.19230769230769232,
    "rmse": 0.48885260333636177,
    "mae": 0.2950663979887861,
    "r2": 0.007026687573377544
  },
  "transport_travel": {
    "optimal_threshold": 0.08522727465576896,
    "accuracy": 0.7412140575079872,
    "precision": 0.075,
    "recall": 0.46153846153846156,
    "f1": 0.12903225806451613,
    "rmse": 0.31575407174025694,
    "mae": 0.1339995152710135,
    "r2": -0.007797296199503867
  },
  "leisure": {
    "optimal_threshold": 0.25149287925418895,
    "accuracy": 0.4281150159744409,
    "precision": 0.08465608465608465,
    "recall": 0.7272727272727273,
    "f1": 0.15165876777251186,
    "rmse": 1.2054727202258242,
    "mae": 0.4195764554160117,
    "r2": -0.003815086752538832
  },
  "public_services": {
    "optimal_threshold": 0.09481125350256167,
    "accuracy": 0.06389776357827476,
    "precision": 0.023333333333333334,
    "recall": 1.0,
    "f1": 0.04560260586319218,
    "rmse": 0.16695992256053815,
    "mae": 0.11729082635828654,
    "r2": -0.2749515399492364
  }
}