{
  "loan": {
    "optimal_threshold": 9654.537972579401,
    "accuracy": 0.6357142857142857,
    "precision": 0.6178861788617886,
    "recall": 0.5801526717557252,
    "f1": 0.5984251968503937,
    "rmse": 49676.56909955418,
    "mae": 14034.881612259911,
    "r2": 0.0017834119974773355
  },
  "utility": {
    "optimal_threshold": 843.8581171998735,
    "accuracy": 0.49642857142857144,
    "precision": 0.4166666666666667,
    "recall": 0.794392523364486,
    "f1": 0.5466237942122186,
    "rmse": 3332.528066475509,
    "mae": 1274.9187723344498,
    "r2": 0.014970292176913147
  },
  "finance": {
    "optimal_threshold": 3598.312700080046,
    "accuracy": 0.4714285714285714,
    "precision": 0.46953405017921146,
    "recall": 1.0,
    "f1": 0.6390243902439025,
    "rmse": 3937.9548289443237,
    "mae": 3428.2936915895866,
    "r2": -0.525397798790233
  },
  "shopping": {
    "optimal_threshold": 3743.977827755786,
    "accuracy": 0.40714285714285714,
    "precision": 0.367816091954023,
    "recall": 0.9896907216494846,
    "f1": 0.5363128491620112,
    "rmse": 5912.507838747958,
    "mae": 4424.7552038509,
    "r2": -0.18691599372633338
  },
  "financial_services": {
    "optimal_threshold": 28440.88617707048,
    "accuracy": 0.8464285714285714,
    "precision": 0.15789473684210525,
    "recall": 0.1,
    "f1": 0.12244897959183673,
    "rmse": 628654.3024638614,
    "mae": 66599.90886393041,
    "r2": -0.0008721679495220513
  },
  "health_and_care": {
    "optimal_threshold": 221.26424076322363,
    "accuracy": 0.55,
    "precision": 0.10606060606060606,
    "recall": 0.6363636363636364,
    "f1": 0.18181818181818182,
    "rmse": 425.9895634643754,
    "mae": 290.2093188505214,
    "r2": -0.33470594627355554
  },
  "home_lifestyle": {
    "optimal_threshold": 547.3744183764924,
    "accuracy": 0.7,
    "precision": 0.13333333333333333,
    "recall": 0.3448275862068966,
    "f1": 0.19230769230769232,
    "rmse": 2424.0463266839424,
    "mae": 793.5960590594764,
    "r2": -0.004838818355020091
  },
  "transport_travel": {
    "optimal_threshold": 0.0,
    "accuracy": 0.075,
    "precision": 0.0683453237410072,
    "recall": 1.0,
    "f1": 0.12794612794612795,
    "rmse": 8168.234507558397,
    "mae": 1623.6346386615462,
    "r2": -0.03546580953225753
  },
  "leisure": {
    "optimal_threshold": 57.79031954967525,
    "accuracy": 0.8035714285714286,
    "precision": 0.14285714285714285,
    "recall": 0.5333333333333333,
    "f1": 0.22535211267605634,
    "rmse": 192.4378391503837,
    "mae": 77.92022117513187,
    "r2": -0.007327146493310677
  },
  "public_services": {
    "optimal_threshold": 1533.2683237326344,
    "accuracy": 0.9642857142857143,
    "precision": 0.5,
    "recall": 0.1,
    "f1": 0.16666666666666666,
    "rmse": 1437.3365050676944,
    "mae": 1178.5464874952072,
    "r2": -1.7368109332625687
  }
}