{
  "loan": {
    "rmse": 1.5543321827836114,
    "mae": 0.9876348174216535,
    "r2": 0.016193670525698534
  },
  "utility": {
    "rmse": 2.067049905224586,
    "mae": 1.203069797852176,
    "r2": 0.0009840314343354528
  },
  "finance": {
    "rmse": 4.98652540710351,
    "mae": 3.12288703405423,
    "r2": 0.013462257159241764
  },
  "shopping": {
    "rmse": 2.5569093183314062,
    "mae": 1.6276406674580548,
    "r2": -0.02576878068821853
  },
  "financial_services": {
    "rmse": 5.505020733009115,
    "mae": 1.1315525448985573,
    "r2": -0.006323164162838069
  },
  "health_and_care": {
    "rmse": 0.5300457248669332,
    "mae": 0.2595677229039661,
    "r2": 0.002311124347980531
  },
  "home_lifestyle": {
    "rmse": 0.48885260333636177,
    "mae": 0.2950663979887861,
    "r2": 0.007026687573377544
  },
  "transport_travel": {
    "rmse": 0.31575407174025694,
    "mae": 0.1339995152710135,
    "r2": -0.007797296199503867
  },
  "leisure": {
    "rmse": 1.2054727202258242,
    "mae": 0.4195764554160117,
    "r2": -0.003815086752538832
  },
  "public_services": {
    "rmse": 0.16695992256053815,
    "mae": 0.11729082635828654,
    "r2": -0.2749515399492364
  }
}