{
  "loan": {
    "rmse": 0.35045074817952504,
    "mae": 0.2673363430350272,
    "r2": 0.019349157175334697
  },
  "utility": {
    "rmse": 0.303962247911093,
    "mae": 0.23687136085423224,
    "r2": 0.021173688732790907
  },
  "finance": {
    "rmse": 0.33104030073214985,
    "mae": 0.26886352218316995,
    "r2": 0.11392716134125236
  },
  "shopping": {
    "rmse": 0.2856223950556578,
    "mae": 0.21447716307662532,
    "r2": 0.02525226579856954
  },
  "financial_services": {
    "rmse": 0.21147638684118542,
    "mae": 0.11520267467509854,
    "r2": 0.00015049961355151353
  },
  "health_and_care": {
    "rmse": 0.12280365126904351,
    "mae": 0.04677065186487217,
    "r2": 0.010608394325793191
  },
  "home_lifestyle": {
    "rmse": 0.16081376178044493,
    "mae": 0.0635952797681623,
    "r2": -0.006676707341431332
  },
  "transport_travel": {
    "rmse": 0.10988024808911913,
    "mae": 0.031277905222263695,
    "r2": -0.0005115959910602097
  },
  "leisure": {
    "rmse": 0.07844653774106711,
    "mae": 0.0333752289945778,
    "r2": -0.002633646372296905
  },
  "public_services": {
    "rmse": 0.07923535972830341,
    "mae": 0.03034375775178838,
    "r2": 0.0022075618131697228
  }
}