{
  "loan": {
    "optimal_threshold": 0.1792468088868398,
    "accuracy": 0.6325878594249201,
    "precision": 0.525,
    "recall": 0.6829268292682927,
    "f1": 0.5936395759717314,
    "rmse": 0.34892725287057824,
    "mae": 0.26772708729346695,
    "r2": 0.027856883510785857
  },
  "utility": {
    "optimal_threshold": 0.19770454255511186,
    "accuracy": 0.597444089456869,
    "precision": 0.4636363636363636,
    "recall": 0.4322033898305085,
    "f1": 0.4473684210526316,
    "rmse": 0.3040170853421798,
    "mae": 0.2350553927964371,
    "r2": 0.020820479328686803
  },
  "finance": {
    "optimal_threshold": 0.22820574455795425,
    "accuracy": 0.6421725239616614,
    "precision": 0.5743589743589743,
    "recall": 0.7943262411347518,
    "f1": 0.6666666666666666,
    "rmse": 0.33181766599774176,
    "mae": 0.2728069138411556,
    "r2": 0.10976083484960775
  },
  "shopping": {
    "optimal_threshold": 0.1278829998838666,
    "accuracy": 0.4536741214057508,
    "precision": 0.34684684684684686,
    "recall": 0.7475728155339806,
    "f1": 0.47384615384615386,
    "rmse": 0.2847756331155967,
    "mae": 0.21361637878073783,
    "r2": 0.03102321253577489
  },
  "financial_services": {
    "optimal_threshold": 0.06468436713083697,
    "accuracy": 0.7348242811501597,
    "precision": 0.16666666666666666,
    "recall": 0.23255813953488372,
    "f1": 0.1941747572815534,
    "rmse": 0.21143879288136125,
    "mae": 0.11511321449658637,
    "r2": 0.0005059526406293591
  },
  "health_and_care": {
    "optimal_threshold": 0.1255304418459341,
    "accuracy": 0.9329073482428115,
    "precision": 1.0,
    "recall": 0.045454545454545456,
    "f1": 0.08695652173913043,
    "rmse": 0.12268787481058513,
    "mae": 0.04729365718272231,
    "r2": 0.012473066234475971
  },
  "home_lifestyle": {
    "optimal_threshold": 0.0670987643898214,
    "accuracy": 0.8690095846645367,
    "precision": 0.5,
    "recall": 0.12195121951219512,
    "f1": 0.19607843137254902,
    "rmse": 0.15763619775682225,
    "mae": 0.06217541105394248,
    "r2": 0.032712669078400314
  },
  "transport_travel": {
    "optimal_threshold": 0.021679034183207824,
    "accuracy": 0.9297124600638977,
    "precision": 0.1111111111111111,
    "recall": 0.06666666666666667,
    "f1": 0.08333333333333333,
    "rmse": 0.10976941165908635,
    "mae": 0.031141431836001588,
    "r2": 0.0015058221776963476
  },
  "leisure": {
    "optimal_threshold": 0.02962535622625893,
    "accuracy": 0.9329073482428115,
    "precision": 0.16666666666666666,
    "recall": 0.058823529411764705,
    "f1": 0.08695652173913043,
    "rmse": 0.07844811805863425,
    "mae": 0.033359008846043675,
    "r2": -0.0026740431971967737
  },
  "public_services": {
    "optimal_threshold": 0.03144510887947033,
    "accuracy": 0.9456869009584664,
    "precision": 0.25,
    "recall": 0.15384615384615385,
    "f1": 0.19047619047619047,
    "rmse": 0.0793053077075581,
    "mae": 0.03031833534596999,
    "r2": 0.00044510698373778634
  }
}