{
  "loan": {
    "rmse": 0.34892725287057824,
    "mae": 0.26772708729346695,
    "r2": 0.027856883510785857
  },
  "utility": {
    "rmse": 0.3040170853421798,
    "mae": 0.2350553927964371,
    "r2": 0.020820479328686803
  },
  "finance": {
    "rmse": 0.33181766599774176,
    "mae": 0.2728069138411556,
    "r2": 0.10976083484960775
  },
  "shopping": {
    "rmse": 0.2847756331155967,
    "mae": 0.21361637878073783,
    "r2": 0.03102321253577489
  },
  "financial_services": {
    "rmse": 0.21143879288136125,
    "mae": 0.11511321449658637,
    "r2": 0.0005059526406293591
  },
  "health_and_care": {
    "rmse": 0.12268787481058513,
    "mae": 0.04729365718272231,
    "r2": 0.012473066234475971
  },
  "home_lifestyle": {
    "rmse": 0.15763619775682225,
    "mae": 0.06217541105394248,
    "r2": 0.032712669078400314
  },
  "transport_travel": {
    "rmse": 0.10976941165908635,
    "mae": 0.031141431836001588,
    "r2": 0.0015058221776963476
  },
  "leisure": {
    "rmse": 0.07844811805863425,
    "mae": 0.033359008846043675,
    "r2": -0.0026740431971967737
  },
  "public_services": {
    "rmse": 0.0793053077075581,
    "mae": 0.03031833534596999,
    "r2": 0.00044510698373778634
  }
}