{
  "loan": {
    "precision": 0.44802867383512546,
    "recall": 0.9615384615384616,
    "f1_score": 0.6112469437652812,
    "optimal_threshold": 0.018857016358662628
  },
  "utility": {
    "precision": 0.3546325878594249,
    "recall": 1.0,
    "f1_score": 0.5235849056603773,
    "optimal_threshold": 0.0003147673445656598
  },
  "finance": {
    "precision": 0.504424778761062,
    "recall": 0.8571428571428571,
    "f1_score": 0.6350974930362117,
    "optimal_threshold": 0.18418037091418477
  },
  "shopping": {
    "precision": 0.32371794871794873,
    "recall": 1.0,
    "f1_score": 0.48910411622276034,
    "optimal_threshold": 0.0004286792135058195
  },
  "financial_services": {
    "precision": 0.16286644951140064,
    "recall": 1.0,
    "f1_score": 0.2801120448179271,
    "optimal_threshold": 0.00011768798091164333
  },
  "health_and_care": {
    "precision": 0.09316770186335403,
    "recall": 0.6,
    "f1_score": 0.16129032258064516,
    "optimal_threshold": 0.00417391744917032
  },
  "home_lifestyle": {
    "precision": 0.2037037037037037,
    "recall": 0.3055555555555556,
    "f1_score": 0.24444444444444444,
    "optimal_threshold": 0.13012043498343928
  },
  "transport_travel": {
    "precision": 0.05025125628140704,
    "recall": 0.7692307692307693,
    "f1_score": 0.09433962264150944,
    "optimal_threshold": 0.0011655819216415187
  },
  "leisure": {
    "precision": 0.15151515151515152,
    "recall": 0.22727272727272727,
    "f1_score": 0.18181818181818182,
    "optimal_threshold": 0.14107044424060536
  },
  "public_services": {
    "precision": 0.022950819672131147,
    "recall": 1.0,
    "f1_score": 0.04487179487179487,
    "optimal_threshold": 5.8503336457149505e-06
  }
}