{
  "loan": {
    "precision": 0.584070796460177,
    "recall": 0.5038167938931297,
    "f1_score": 0.540983606557377,
    "optimal_threshold": 0.4631577585075853
  },
  "utility": {
    "precision": 0.4084507042253521,
    "recall": 0.8130841121495327,
    "f1_score": 0.5437500000000001,
    "optimal_threshold": 0.11913610575800057
  },
  "finance": {
    "precision": 0.5238095238095238,
    "recall": 0.9236641221374046,
    "f1_score": 0.6685082872928177,
    "optimal_threshold": 0.05842811222316377
  },
  "shopping": {
    "precision": 0.36649214659685864,
    "recall": 0.7216494845360825,
    "f1_score": 0.48611111111111116,
    "optimal_threshold": 0.13474773888824115
  },
  "financial_services": {
    "precision": 0.10507246376811594,
    "recall": 0.9666666666666667,
    "f1_score": 0.1895424836601307,
    "optimal_threshold": 7.559267041605982e-05
  },
  "health_and_care": {
    "precision": 0.11504424778761062,
    "recall": 0.5909090909090909,
    "f1_score": 0.19259259259259262,
    "optimal_threshold": 0.010227537739507343
  },
  "home_lifestyle": {
    "precision": 0.10646387832699619,
    "recall": 0.9655172413793104,
    "f1_score": 0.19178082191780824,
    "optimal_threshold": 0.00030645110291646887
  },
  "transport_travel": {
    "precision": 0.07142857142857142,
    "recall": 0.3157894736842105,
    "f1_score": 0.11650485436893204,
    "optimal_threshold": 0.008209032146823671
  },
  "leisure": {
    "precision": 0.0,
    "recall": 0.0,
    "f1_score": 0,
    "optimal_threshold": 0.8525751982863722
  },
  "public_services": {
    "precision": 0.037037037037037035,
    "recall": 0.1,
    "f1_score": 0.05405405405405406,
    "optimal_threshold": 0.06549557320856117
  }
}