{
  "loan": {
    "precision": 0.5652173913043478,
    "recall": 0.5,
    "f1_score": 0.5306122448979592,
    "optimal_threshold": 0.5296521388773201
  },
  "utility": {
    "precision": 0.3876651982378855,
    "recall": 0.7927927927927928,
    "f1_score": 0.5207100591715976,
    "optimal_threshold": 0.13806772475020962
  },
  "finance": {
    "precision": 0.5089285714285714,
    "recall": 0.8571428571428571,
    "f1_score": 0.638655462184874,
    "optimal_threshold": 0.20207260534731242
  },
  "shopping": {
    "precision": 0.32608695652173914,
    "recall": 0.8910891089108911,
    "f1_score": 0.4774535809018568,
    "optimal_threshold": 0.021164728774093918
  },
  "financial_services": {
    "precision": 0.15985130111524162,
    "recall": 0.86,
    "f1_score": 0.2695924764890282,
    "optimal_threshold": 0.00087068080290471
  },
  "health_and_care": {
    "precision": 0.0,
    "recall": 0.0,
    "f1_score": 0,
    "optimal_threshold": 0.787196945513281
  },
  "home_lifestyle": {
    "precision": 0.2037037037037037,
    "recall": 0.3055555555555556,
    "f1_score": 0.24444444444444444,
    "optimal_threshold": 0.1336284365361129
  },
  "transport_travel": {
    "precision": 0.043243243243243246,
    "recall": 0.6153846153846154,
    "f1_score": 0.08080808080808081,
    "optimal_threshold": 0.0016357557727693425
  },
  "leisure": {
    "precision": 0.125,
    "recall": 0.045454545454545456,
    "f1_score": 0.06666666666666667,
    "optimal_threshold": 0.43087998421572293
  },
  "public_services": {
    "precision": 0.019672131147540985,
    "recall": 0.8571428571428571,
    "f1_score": 0.038461538461538464,
    "optimal_threshold": 1.3079954061462567e-05
  }
}