{
  "loan": {
    "precision": 0.5121951219512195,
    "recall": 0.4846153846153846,
    "f1_score": 0.4980237154150197,
    "optimal_threshold": 0.5
  },
  "utility": {
    "precision": 0.35185185185185186,
    "recall": 0.34234234234234234,
    "f1_score": 0.3470319634703196,
    "optimal_threshold": 0.5
  },
  "finance": {
    "precision": 0.5428571428571428,
    "recall": 0.5714285714285714,
    "f1_score": 0.5567765567765567,
    "optimal_threshold": 0.5
  },
  "shopping": {
    "precision": 0.2909090909090909,
    "recall": 0.31683168316831684,
    "f1_score": 0.3033175355450237,
    "optimal_threshold": 0.5
  },
  "financial_services": {
    "precision": 0.0625,
    "recall": 0.02,
    "f1_score": 0.030303030303030304,
    "optimal_threshold": 0.5
  },
  "health_and_care": {
    "precision": 0.0625,
    "recall": 0.04,
    "f1_score": 0.048780487804878044,
    "optimal_threshold": 0.5
  },
  "home_lifestyle": {
    "precision": 0.1875,
    "recall": 0.08333333333333333,
    "f1_score": 0.11538461538461539,
    "optimal_threshold": 0.5
  },
  "transport_travel": {
    "precision": 0.0,
    "recall": 0.0,
    "f1_score": 0,
    "optimal_threshold": 0.5
  },
  "leisure": {
    "precision": 0.125,
    "recall": 0.045454545454545456,
    "f1_score": 0.06666666666666667,
    "optimal_threshold": 0.5
  },
  "public_services": {
    "precision": 0.0,
    "recall": 0.0,
    "f1_score": 0,
    "optimal_threshold": 0.5
  }
}