{
  "loan": 0.46034807931122246,
  "utility": 0.4947796505990279,
  "finance": 0.49764331171294807,
  "shopping": 0.4616507037469186,
  "financial_services": 0.2828297038787562,
  "health_and_care": 0.09748250700098027,
  "home_lifestyle": 0.17268994553437564,
  "transport_travel": 0.09147983042207267,
  "leisure": 0.14785569347375768,
  "public_services": 0.42113267303432855
}