{
  "loan": 0.6414095546384216,
  "utility": 0.5791667276702559,
  "finance": 0.5259121017416905,
  "shopping": 0.4042671688784832,
  "financial_services": 0.22369702580524456,
  "health_and_care": 0.17661064891692366,
  "home_lifestyle": 0.2393060148719932,
  "transport_travel": 0.1928517379718551,
  "leisure": 0.396969708917113,
  "public_services": 0.16283539339705733
}