{
  "loan": 0.4177259985102855,
  "utility": 0.4576596304344854,
  "finance": 0.5315280949688133,
  "shopping": 0.47675216372038126,
  "financial_services": 0.26057885541897596,
  "health_and_care": 0.22171643817469947,
  "home_lifestyle": 0.1454536908009369,
  "transport_travel": 0.37777254329991544,
  "leisure": 0.17190086876826166,
  "public_services": 0.4419157318841469
}