{
  "loan": 0.43421749630979917,
  "utility": 0.4676071859441362,
  "finance": 0.3661378840575507,
  "shopping": 0.460303106612783,
  "financial_services": 0.4507020462180858,
  "health_and_care": 0.05167798657266612,
  "home_lifestyle": 0.3740770538103653,
  "transport_travel": 0.16260582564722928,
  "leisure": 0.18774566007957966,
  "public_services": 0.33119092866128697
}