{
  "loan": {
    "optimal_threshold": 0.38345582585454835,
    "accuracy": 0.6035714285714285,
    "precision": 0.5539568345323741,
    "recall": 0.6111111111111112,
    "f1": 0.5811320754716981,
    "roc_auc": 0.6173469387755102
  },
  "utility": {
    "optimal_threshold": 0.3076095396561287,
    "accuracy": 0.5464285714285714,
    "precision": 0.45294117647058824,
    "recall": 0.6936936936936937,
    "f1": 0.5480427046263345,
    "roc_auc": 0.5474705474705475
  },
  "finance": {
    "optimal_threshold": 0.2779880826236273,
    "accuracy": 0.5928571428571429,
    "precision": 0.5492227979274611,
    "recall": 0.7969924812030075,
    "f1": 0.6503067484662577,
    "roc_auc": 0.625441153905171
  },
  "shopping": {
    "optimal_threshold": 0.4364958185734352,
    "accuracy": 0.6,
    "precision": 0.45555555555555555,
    "recall": 0.3942307692307692,
    "f1": 0.422680412371134,
    "roc_auc": 0.5500437062937062
  },
  "financial_services": {
    "optimal_threshold": 0.5919848416208634,
    "accuracy": 0.8678571428571429,
    "precision": 0.3,
    "recall": 0.09090909090909091,
    "f1": 0.13953488372093023,
    "roc_auc": 0.5327567169672432
  },
  "health_and_care": {
    "optimal_threshold": 0.6784896078417065,
    "accuracy": 0.9357142857142857,
    "precision": 0.0,
    "recall": 0.0,
    "f1": 0.0,
    "roc_auc": 0.6425157232704403
  },
  "home_lifestyle": {
    "optimal_threshold": 0.5207032222776786,
    "accuracy": 0.8678571428571429,
    "precision": 0.23076923076923078,
    "recall": 0.1,
    "f1": 0.13953488372093023,
    "roc_auc": 0.5366000000000001
  },
  "transport_travel": {
    "optimal_threshold": 0.2209051038472384,
    "accuracy": 0.8642857142857143,
    "precision": 0.03571428571428571,
    "recall": 0.08333333333333333,
    "f1": 0.05,
    "roc_auc": 0.5063743781094527
  },
  "leisure": {
    "optimal_threshold": 0.55,
    "accuracy": 0.9071428571428571,
    "precision": 0.25,
    "recall": 0.09090909090909091,
    "f1": 0.13333333333333333,
    "roc_auc": 0.6200669485553206
  },
  "public_services": {
    "optimal_threshold": 0.008655256723716382,
    "accuracy": 0.5,
    "precision": 0.09333333333333334,
    "recall": 0.7777777777777778,
    "f1": 0.16666666666666666,
    "roc_auc": 0.5762298558100085
  }
}