epoch,step,min,max,mean,std
1,10000,-0.5423551201820374,0.4071149528026581,-0.0017315223813056946,0.05015335977077484
