epoch,step,min,max,mean,std
1,10000,-0.016400668770074844,0.021978169679641724,8.244052150985226e-05,0.005016958341002464
