epoch,step,min,max,mean,std
1,10000,-0.00920623168349266,0.011567777954041958,0.0002748514525592327,0.002561906585469842
