epoch,step,min,max,mean,std
1,10000,-0.01787305437028408,0.018706554546952248,0.0002852328179869801,0.004932386800646782
