epoch,step,min,max,mean,std
1,10000,-0.10087883472442627,0.08220262080430984,-0.003788369009271264,0.048874810338020325
