epoch,step,min,max,mean,std
1,10000,-0.36491629481315613,0.36404967308044434,0.0009635380702093244,0.02540367655456066
