epoch,step,min,max,mean,std
1,10000,-0.165142223238945,0.19650442898273468,0.00021913452656008303,0.018738683313131332
