epoch,step,min,max,mean,std
1,10000,-0.006704994011670351,0.016608789563179016,0.0003632022999227047,0.0024278652854263783
