epoch,step,min,max,mean,std
1,10000,-0.2502797245979309,0.69090735912323,0.0012496347771957517,0.025261124595999718
