epoch,step,min,max,mean,std
1,10000,-0.39227578043937683,0.30192768573760986,-0.0012207640102133155,0.037027642130851746
