epoch,step,min,max,mean,std
1,10000,-0.10537944734096527,0.08371786773204803,-0.0036740375217050314,0.04932167008519173
