epoch,step,min,max,mean,std
1,10000,-0.15941624343395233,0.18986251950263977,0.0006478672148659825,0.016311243176460266
