{
  "loan": 0.4725138598816042,
  "utility": 0.47384385733975676,
  "finance": 0.5073696072339583,
  "shopping": 0.4214213722622997,
  "financial_services": 0.45026697666508053,
  "health_and_care": 0.17375377522297294,
  "home_lifestyle": 0.1647575748991893,
  "transport_travel": 0.1710314087535442,
  "leisure": 0.16578898032467987,
  "public_services": 0.1948777010280769
}