{
  "loan": 0.4569486483884471,
  "utility": 0.4410318837916619,
  "finance": 0.4921578386154293,
  "shopping": 0.46579965653679256,
  "financial_services": 0.20575067225956806,
  "health_and_care": 0.17707101051232116,
  "home_lifestyle": 0.21773025305775345,
  "transport_travel": 0.26142610443214503,
  "leisure": 0.1631072222254786,
  "public_services": 0.45510561988091414
}