{
  "loan": 0.4731168878498444,
  "utility": 0.46511722848629744,
  "finance": 0.5090535133304732,
  "shopping": 0.4418986819245839,
  "financial_services": 0.4507020462180858,
  "health_and_care": 0.051891706422468487,
  "home_lifestyle": 0.34206481427609475,
  "transport_travel": 0.13329418000858223,
  "leisure": 0.20162205760388133,
  "public_services": 0.0977979806973605
}