{
  "loan": 0.1792468088868398,
  "utility": 0.19770454255511186,
  "finance": 0.22820574455795425,
  "shopping": 0.1278829998838666,
  "financial_services": 0.06468436713083697,
  "health_and_care": 0.1255304418459341,
  "home_lifestyle": 0.0670987643898214,
  "transport_travel": 0.021679034183207824,
  "leisure": 0.02962535622625893,
  "public_services": 0.03144510887947033
}