{
  "loan": {
    "optimal_threshold": 0.2967409465287217,
    "accuracy": 0.6805111821086262,
    "precision": 0.7592592592592593,
    "recall": 0.3203125,
    "f1": 0.45054945054945056,
    "rmse": 0.3482570494063218,
    "mae": 0.2649962011346405,
    "r2": 0.0948313956447242
  },
  "utility": {
    "optimal_threshold": 0.17445575385471027,
    "accuracy": 0.5878594249201278,
    "precision": 0.43537414965986393,
    "recall": 0.5818181818181818,
    "f1": 0.4980544747081712,
    "rmse": 0.31590474410578295,
    "mae": 0.24742194691213273,
    "r2": 0.03815722906031227
  },
  "finance": {
    "optimal_threshold": 0.31247369607744235,
    "accuracy": 0.6773162939297125,
    "precision": 0.6864406779661016,
    "recall": 0.5586206896551724,
    "f1": 0.6159695817490495,
    "rmse": 0.3114198013297941,
    "mae": 0.2645511351009215,
    "r2": 0.14180363572613497
  },
  "shopping": {
    "optimal_threshold": 0.11626602845266941,
    "accuracy": 0.46325878594249204,
    "precision": 0.4074074074074074,
    "recall": 0.9322033898305084,
    "f1": 0.5670103092783505,
    "rmse": 0.2588099763853697,
    "mae": 0.19979483543070312,
    "r2": 0.04465386778855196
  },
  "financial_services": {
    "optimal_threshold": 0.06662463977882796,
    "accuracy": 0.7188498402555911,
    "precision": 0.16455696202531644,
    "recall": 0.37142857142857144,
    "f1": 0.22807017543859648,
    "rmse": 0.22005030357149483,
    "mae": 0.11605813778869024,
    "r2": 0.0002105898543189877
  },
  "health_and_care": {
    "optimal_threshold": 0.029852223191652285,
    "accuracy": 0.9073482428115016,
    "precision": 0.3,
    "recall": 0.12,
    "f1": 0.17142857142857143,
    "rmse": 0.12661531775647417,
    "mae": 0.05013307376989703,
    "r2": 0.00175952181191108
  },
  "home_lifestyle": {
    "optimal_threshold": 0.032100659745126894,
    "accuracy": 0.5718849840255591,
    "precision": 0.13043478260869565,
    "recall": 0.5625,
    "f1": 0.21176470588235294,
    "rmse": 0.09677331093801149,
    "mae": 0.04897527982090204,
    "r2": 0.026005302496643345
  },
  "transport_travel": {
    "optimal_threshold": 0.014853823777151578,
    "accuracy": 0.15335463258785942,
    "precision": 0.03985507246376811,
    "recall": 1.0,
    "f1": 0.07665505226480836,
    "rmse": 0.11505502803217178,
    "mae": 0.030653726927203143,
    "r2": -0.0006735441949448084
  },
  "leisure": {
    "optimal_threshold": 0.023343402254973764,
    "accuracy": 0.9265175718849841,
    "precision": 0.2,
    "recall": 0.05,
    "f1": 0.08,
    "rmse": 0.07787501120710995,
    "mae": 0.03198073304229987,
    "r2": -0.007898115894359625
  },
  "public_services": {
    "optimal_threshold": 0.018228476012625314,
    "accuracy": 0.5782747603833865,
    "precision": 0.061068702290076333,
    "recall": 0.47058823529411764,
    "f1": 0.10810810810810811,
    "rmse": 0.09215420326773897,
    "mae": 0.03289464053628005,
    "r2": -0.00220648625403963
  }
}