{
  "loan": {
    "rmse": 0.3482570494063218,
    "mae": 0.2649962011346405,
    "r2": 0.0948313956447242
  },
  "utility": {
    "rmse": 0.31590474410578295,
    "mae": 0.24742194691213273,
    "r2": 0.03815722906031227
  },
  "finance": {
    "rmse": 0.3114198013297941,
    "mae": 0.2645511351009215,
    "r2": 0.14180363572613497
  },
  "shopping": {
    "rmse": 0.2588099763853697,
    "mae": 0.19979483543070312,
    "r2": 0.04465386778855196
  },
  "financial_services": {
    "rmse": 0.22005030357149483,
    "mae": 0.11605813778869024,
    "r2": 0.0002105898543189877
  },
  "health_and_care": {
    "rmse": 0.12661531775647417,
    "mae": 0.05013307376989703,
    "r2": 0.00175952181191108
  },
  "home_lifestyle": {
    "rmse": 0.09677331093801149,
    "mae": 0.04897527982090204,
    "r2": 0.026005302496643345
  },
  "transport_travel": {
    "rmse": 0.11505502803217178,
    "mae": 0.030653726927203143,
    "r2": -0.0006735441949448084
  },
  "leisure": {
    "rmse": 0.07787501120710995,
    "mae": 0.03198073304229987,
    "r2": -0.007898115894359625
  },
  "public_services": {
    "rmse": 0.09215420326773897,
    "mae": 0.03289464053628005,
    "r2": -0.00220648625403963
  }
}