{
  "loan": {
    "rmse": 0.34874021266972366,
    "mae": 0.2643825716755586,
    "r2": 0.09231803605668853
  },
  "utility": {
    "rmse": 0.316047690923679,
    "mae": 0.24627420528068855,
    "r2": 0.03728656488943083
  },
  "finance": {
    "rmse": 0.3121541147358802,
    "mae": 0.2636223906293553,
    "r2": 0.13775168998461407
  },
  "shopping": {
    "rmse": 0.2581893166151026,
    "mae": 0.2002633311383591,
    "r2": 0.04923046054554592
  },
  "financial_services": {
    "rmse": 0.22008134440525046,
    "mae": 0.11614770943915038,
    "r2": -7.149551665430742e-05
  },
  "health_and_care": {
    "rmse": 0.12652864223181698,
    "mae": 0.05015999915796687,
    "r2": 0.0031257609637479478
  },
  "home_lifestyle": {
    "rmse": 0.0966978295289649,
    "mae": 0.048139974433086555,
    "r2": 0.02752410597501631
  },
  "transport_travel": {
    "rmse": 0.11505502803217178,
    "mae": 0.030653726927203143,
    "r2": -0.0006735441949448084
  },
  "leisure": {
    "rmse": 0.07787501120710995,
    "mae": 0.03198073304229987,
    "r2": -0.007898115894359625
  },
  "public_services": {
    "rmse": 0.09215420326773897,
    "mae": 0.03289464053628005,
    "r2": -0.00220648625403963
  }
}