{
  "loan": 0.37628716230392456,
  "utility": 0.37643706798553467,
  "finance": 0.4283578097820282,
  "shopping": 0.30306506156921387,
  "financial_services": 0.09476581960916519,
  "health_and_care": 0.14892932772636414,
  "home_lifestyle": 0.23435503244400024,
  "transport_travel": 0.09496868401765823,
  "leisure": 0.11664792895317078,
  "public_services": 0.12269227206707001
}