{
  "loan": {
    "optimal_threshold": 0.45919568648747794,
    "accuracy": 0.7142857142857143,
    "precision": 0.704,
    "recall": 0.6717557251908397,
    "f1": 0.6875,
    "roc_auc": 0.7543419232542651
  },
  "utility": {
    "optimal_threshold": 0.4798899001379622,
    "accuracy": 0.6357142857142857,
    "precision": 0.5409836065573771,
    "recall": 0.308411214953271,
    "f1": 0.39285714285714285,
    "roc_auc": 0.5724974339581869
  },
  "finance": {
    "optimal_threshold": 0.5870747171270092,
    "accuracy": 0.6428571428571429,
    "precision": 0.7540983606557377,
    "recall": 0.3511450381679389,
    "f1": 0.4791666666666667,
    "roc_auc": 0.6856396331779292
  },
  "shopping": {
    "optimal_threshold": 0.4085575251591671,
    "accuracy": 0.5392857142857143,
    "precision": 0.4036144578313253,
    "recall": 0.6907216494845361,
    "f1": 0.5095057034220533,
    "roc_auc": 0.564954087093685
  },
  "financial_services": {
    "optimal_threshold": 0.2005780245726687,
    "accuracy": 0.8535714285714285,
    "precision": 0.17647058823529413,
    "recall": 0.1,
    "f1": 0.1276595744680851,
    "roc_auc": 0.566
  },
  "health_and_care": {
    "optimal_threshold": 0.11830948587906592,
    "accuracy": 0.8428571428571429,
    "precision": 0.10714285714285714,
    "recall": 0.13636363636363635,
    "f1": 0.12,
    "roc_auc": 0.5582276250880902
  },
  "home_lifestyle": {
    "optimal_threshold": 0.22855790517711203,
    "accuracy": 0.8642857142857143,
    "precision": 0.2631578947368421,
    "recall": 0.1724137931034483,
    "f1": 0.20833333333333334,
    "roc_auc": 0.5606539359802171
  },
  "transport_travel": {
    "optimal_threshold": 0.12005371808082577,
    "accuracy": 0.9285714285714286,
    "precision": 0.0,
    "recall": 0.0,
    "f1": 0.0,
    "roc_auc": 0.583887880621093
  },
  "leisure": {
    "optimal_threshold": 0.0743016838081137,
    "accuracy": 0.5607142857142857,
    "precision": 0.078125,
    "recall": 0.6666666666666666,
    "f1": 0.13986013986013987,
    "roc_auc": 0.6233962264150943
  },
  "public_services": {
    "optimal_threshold": 0.069646886746241,
    "accuracy": 0.7464285714285714,
    "precision": 0.057971014492753624,
    "recall": 0.4,
    "f1": 0.10126582278481013,
    "roc_auc": 0.5825925925925926
  }
}