{
  "loan": {
    "optimal_threshold": 0.46355824918161664,
    "accuracy": 0.65814696485623,
    "precision": 0.5945945945945946,
    "recall": 0.515625,
    "f1": 0.5523012552301255,
    "roc_auc": 0.6799619932432432
  },
  "utility": {
    "optimal_threshold": 0.46117427880418843,
    "accuracy": 0.6549520766773163,
    "precision": 0.515625,
    "recall": 0.3,
    "f1": 0.3793103448275862,
    "roc_auc": 0.581527093596059
  },
  "finance": {
    "optimal_threshold": 0.5290398769420193,
    "accuracy": 0.6837060702875399,
    "precision": 0.6885245901639344,
    "recall": 0.5793103448275863,
    "f1": 0.6292134831460674,
    "roc_auc": 0.7246305418719212
  },
  "shopping": {
    "optimal_threshold": 0.4072191060500545,
    "accuracy": 0.645367412140575,
    "precision": 0.5327102803738317,
    "recall": 0.4830508474576271,
    "f1": 0.5066666666666667,
    "roc_auc": 0.6114298131247283
  },
  "financial_services": {
    "optimal_threshold": 0.3620150285334205,
    "accuracy": 0.8849840255591054,
    "precision": 0.4444444444444444,
    "recall": 0.11428571428571428,
    "f1": 0.18181818181818182,
    "roc_auc": 0.5561151079136691
  },
  "health_and_care": {
    "optimal_threshold": 0.44228060118400414,
    "accuracy": 0.9169329073482428,
    "precision": 0.0,
    "recall": 0.0,
    "f1": 0.0,
    "roc_auc": 0.5492361111111111
  },
  "home_lifestyle": {
    "optimal_threshold": 0.04696312829272172,
    "accuracy": 0.43450479233226835,
    "precision": 0.1282051282051282,
    "recall": 0.78125,
    "f1": 0.22026431718061673,
    "roc_auc": 0.5647798042704626
  },
  "transport_travel": {
    "optimal_threshold": 0.25978308083626245,
    "accuracy": 0.9616613418530351,
    "precision": 0.0,
    "recall": 0.0,
    "f1": 0.0,
    "roc_auc": 0.5671282360024081
  },
  "leisure": {
    "optimal_threshold": 0.20337244593516485,
    "accuracy": 0.9265175718849841,
    "precision": 0.2857142857142857,
    "recall": 0.1,
    "f1": 0.14814814814814814,
    "roc_auc": 0.5997440273037542
  },
  "public_services": {
    "optimal_threshold": 0.42113267303432855,
    "accuracy": 0.7763578274760383,
    "precision": 0.05084745762711865,
    "recall": 0.17647058823529413,
    "f1": 0.07894736842105263,
    "roc_auc": 0.4933426073131955
  }
}