{
  "loan": 1.025683920031228,
  "utility": 0.9689631222869091,
  "finance": 3.1801227125627873,
  "shopping": 1.3911842521729672,
  "financial_services": 0.38253704106856373,
  "health_and_care": 0.1740783782397984,
  "home_lifestyle": 0.257991915728939,
  "transport_travel": 0.08522727465576896,
  "leisure": 0.25149287925418895,
  "public_services": 0.09481125350256167
}