{
  "loan": 9654.537972579401,
  "utility": 843.8581171998735,
  "finance": 3598.312700080046,
  "shopping": 3743.977827755786,
  "financial_services": 28440.88617707048,
  "health_and_care": 221.26424076322363,
  "home_lifestyle": 547.3744183764924,
  "transport_travel": 0.0,
  "leisure": 57.79031954967525,
  "public_services": 1533.2683237326344
}