{
  "loan": 0.1421787637085324,
  "utility": 0.15129064825475566,
  "finance": 0.18503684361851386,
  "shopping": 0.0383068417592804,
  "financial_services": 0.056216061848214,
  "health_and_care": 0.02918823791033063,
  "home_lifestyle": 0.025965626729021245,
  "transport_travel": 0.014375945024272805,
  "leisure": 0.01911511097010376,
  "public_services": 0.02154894681270105
}