{
  "loan": 7258.4311256776455,
  "utility": 870.1567511898063,
  "finance": 2984.713628017441,
  "shopping": 1752.2446261524806,
  "financial_services": 32040.05185261523,
  "health_and_care": 627.0069083191839,
  "home_lifestyle": 517.1122161927398,
  "transport_travel": 1573.9018592744712,
  "leisure": 75.15743601541624,
  "public_services": 1053.6648861470526
}