{
  "loan": 12497.418260632818,
  "utility": 984.1844927902673,
  "finance": 1459.7617439504559,
  "shopping": 1238.616816269172,
  "financial_services": 8306.486735354565,
  "health_and_care": 0.0,
  "home_lifestyle": 510.827439810395,
  "transport_travel": 2132.9226973415693,
  "leisure": 127.93728875719776,
  "public_services": 1461.542795588394
}