{
  "loan": {
    "precision": 0.5113636363636364,
    "recall": 0.6923076923076923,
    "f1_score": 0.588235294117647
  },
  "utility": {
    "precision": 0.40714285714285714,
    "recall": 0.5135135135135135,
    "f1_score": 0.4541832669322709
  },
  "finance": {
    "precision": 0.5723684210526315,
    "recall": 0.6541353383458647,
    "f1_score": 0.6105263157894737
  },
  "shopping": {
    "precision": 0.30120481927710846,
    "recall": 0.49504950495049505,
    "f1_score": 0.37453183520599254
  },
  "financial_services": {
    "precision": 0.14814814814814814,
    "recall": 0.4,
    "f1_score": 0.21621621621621623
  },
  "health_and_care": {
    "precision": 0.10493827160493827,
    "recall": 0.68,
    "f1_score": 0.18181818181818182
  },
  "home_lifestyle": {
    "precision": 0.08125,
    "recall": 0.3611111111111111,
    "f1_score": 0.1326530612244898
  },
  "transport_travel": {
    "precision": 0.03571428571428571,
    "recall": 0.38461538461538464,
    "f1_score": 0.06535947712418301
  },
  "leisure": {
    "precision": 0.0641025641025641,
    "recall": 0.45454545454545453,
    "f1_score": 0.11235955056179772
  },
  "public_services": {
    "precision": 0.01,
    "recall": 0.14285714285714285,
    "f1_score": 0.018691588785046728
  }
}