merged_cluster,avg_distance_to_centroid,median_distance_to_centroid,std_distance_to_centroid,n_points
0,924452.1348211471,393300.9085290941,1581246.1991095508,74
1,47225.423895099644,24818.230390362016,59750.96869547226,3701
5,622901.4925057739,322189.4367509255,2311248.4572615405,96
