{
  "loan": 0.3188374858529917,
  "utility": 0.37065395382364863,
  "finance": 0.47139640250869164,
  "shopping": 0.47518922207955216,
  "financial_services": 0.4482841764728957,
  "health_and_care": 0.1899344372643461,
  "home_lifestyle": 0.12553942070249305,
  "transport_travel": 0.10857769967909364,
  "leisure": 0.1439511168630548,
  "public_services": 0.4419157318841469
}