{
  "loan": 0.2967409465287217,
  "utility": 0.17445575385471027,
  "finance": 0.31247369607744235,
  "shopping": 0.11626602845266941,
  "financial_services": 0.06662463977882796,
  "health_and_care": 0.029852223191652285,
  "home_lifestyle": 0.032100659745126894,
  "transport_travel": 0.014853823777151578,
  "leisure": 0.023343402254973764,
  "public_services": 0.018228476012625314
}