{
  "loan": {
    "precision": 0.5321637426900585,
    "recall": 0.7,
    "f1_score": 0.6046511627906976,
    "optimal_threshold": 0.3894355297088623
  },
  "utility": {
    "precision": 0.44571428571428573,
    "recall": 0.7027027027027027,
    "f1_score": 0.5454545454545455,
    "optimal_threshold": 0.3672952651977539
  },
  "finance": {
    "precision": 0.4607142857142857,
    "recall": 0.9699248120300752,
    "f1_score": 0.6246973365617434,
    "optimal_threshold": 0.1986953616142273
  },
  "shopping": {
    "precision": 0.32051282051282054,
    "recall": 0.9900990099009901,
    "f1_score": 0.4842615012106538,
    "optimal_threshold": 0.1316891759634018
  },
  "financial_services": {
    "precision": 0.1839080459770115,
    "recall": 0.64,
    "f1_score": 0.2857142857142857,
    "optimal_threshold": 0.09168974310159683
  },
  "health_and_care": {
    "precision": 0.1,
    "recall": 0.6,
    "f1_score": 0.17142857142857143,
    "optimal_threshold": 0.07309209555387497
  },
  "home_lifestyle": {
    "precision": 0.12350597609561753,
    "recall": 0.8611111111111112,
    "f1_score": 0.21602787456445993,
    "optimal_threshold": 0.06537681818008423
  },
  "transport_travel": {
    "precision": 0,
    "recall": 0.0,
    "f1_score": 0,
    "optimal_threshold": 0.15259328484535217
  },
  "leisure": {
    "precision": 0.21428571428571427,
    "recall": 0.13636363636363635,
    "f1_score": 0.16666666666666663,
    "optimal_threshold": 0.1709413081407547
  },
  "public_services": {
    "precision": 0.0,
    "recall": 0.0,
    "f1_score": 0,
    "optimal_threshold": 0.11158737540245056
  }
}