{
  "loan": {
    "precision": 0.5903614457831325,
    "recall": 0.3769230769230769,
    "f1_score": 0.460093896713615
  },
  "utility": {
    "precision": 0.3333333333333333,
    "recall": 0.13513513513513514,
    "f1_score": 0.1923076923076923
  },
  "finance": {
    "precision": 0.5328947368421053,
    "recall": 0.6090225563909775,
    "f1_score": 0.5684210526315789
  },
  "shopping": {
    "precision": 0.3584905660377358,
    "recall": 0.18811881188118812,
    "f1_score": 0.24675324675324672
  },
  "financial_services": {
    "precision": 0,
    "recall": 0.0,
    "f1_score": 0
  },
  "health_and_care": {
    "precision": 0,
    "recall": 0.0,
    "f1_score": 0
  },
  "home_lifestyle": {
    "precision": 0,
    "recall": 0.0,
    "f1_score": 0
  },
  "transport_travel": {
    "precision": 0.0,
    "recall": 0.0,
    "f1_score": 0
  },
  "leisure": {
    "precision": 0,
    "recall": 0.0,
    "f1_score": 0
  },
  "public_services": {
    "precision": 0.0,
    "recall": 0.0,
    "f1_score": 0
  }
}