{
  "loan": {
    "optimal_threshold": 0.4731168878498444,
    "accuracy": 0.6785714285714286,
    "precision": 0.6915887850467289,
    "recall": 0.5648854961832062,
    "f1": 0.6218487394957983,
    "roc_auc": 0.7160459039909832
  },
  "utility": {
    "optimal_threshold": 0.46511722848629744,
    "accuracy": 0.5178571428571429,
    "precision": 0.4166666666666667,
    "recall": 0.6542056074766355,
    "f1": 0.509090909090909,
    "roc_auc": 0.5584247204364973
  },
  "finance": {
    "optimal_threshold": 0.5090535133304732,
    "accuracy": 0.6428571428571429,
    "precision": 0.6347826086956522,
    "recall": 0.5572519083969466,
    "f1": 0.5934959349593496,
    "roc_auc": 0.6858957938418976
  },
  "shopping": {
    "optimal_threshold": 0.4418986819245839,
    "accuracy": 0.7035714285714286,
    "precision": 0.675,
    "recall": 0.27835051546391754,
    "f1": 0.39416058394160586,
    "roc_auc": 0.6034871274857755
  },
  "financial_services": {
    "optimal_threshold": 0.4507020462180858,
    "accuracy": 0.7321428571428571,
    "precision": 0.10526315789473684,
    "recall": 0.2,
    "f1": 0.13793103448275862,
    "roc_auc": 0.49760000000000004
  },
  "health_and_care": {
    "optimal_threshold": 0.051891706422468487,
    "accuracy": 0.6428571428571429,
    "precision": 0.125,
    "recall": 0.5909090909090909,
    "f1": 0.20634920634920634,
    "roc_auc": 0.616014799154334
  },
  "home_lifestyle": {
    "optimal_threshold": 0.34206481427609475,
    "accuracy": 0.7392857142857143,
    "precision": 0.21052631578947367,
    "recall": 0.5517241379310345,
    "f1": 0.3047619047619048,
    "roc_auc": 0.677084764390713
  },
  "transport_travel": {
    "optimal_threshold": 0.13329418000858223,
    "accuracy": 0.7785714285714286,
    "precision": 0.061224489795918366,
    "recall": 0.15789473684210525,
    "f1": 0.08823529411764706,
    "roc_auc": 0.5462794918330308
  },
  "leisure": {
    "optimal_threshold": 0.20162205760388133,
    "accuracy": 0.9464285714285714,
    "precision": 0.0,
    "recall": 0.0,
    "f1": 0.0,
    "roc_auc": 0.7533333333333334
  },
  "public_services": {
    "optimal_threshold": 0.0977979806973605,
    "accuracy": 0.9071428571428571,
    "precision": 0.16666666666666666,
    "recall": 0.4,
    "f1": 0.23529411764705882,
    "roc_auc": 0.6957407407407407
  }
}