{
  "loan": {
    "optimal_threshold": 0.4725138598816042,
    "accuracy": 0.6421725239616614,
    "precision": 0.5784313725490197,
    "recall": 0.4609375,
    "f1": 0.5130434782608696,
    "roc_auc": 0.6346494932432432
  },
  "utility": {
    "optimal_threshold": 0.47384385733975676,
    "accuracy": 0.5686900958466453,
    "precision": 0.41007194244604317,
    "recall": 0.5181818181818182,
    "f1": 0.4578313253012048,
    "roc_auc": 0.5681818181818182
  },
  "finance": {
    "optimal_threshold": 0.5073696072339583,
    "accuracy": 0.6773162939297125,
    "precision": 0.6486486486486487,
    "recall": 0.6620689655172414,
    "f1": 0.6552901023890785,
    "roc_auc": 0.7160714285714287
  },
  "shopping": {
    "optimal_threshold": 0.4214213722622997,
    "accuracy": 0.6261980830670927,
    "precision": 0.5042016806722689,
    "recall": 0.5084745762711864,
    "f1": 0.5063291139240507,
    "roc_auc": 0.605193394176445
  },
  "financial_services": {
    "optimal_threshold": 0.45026697666508053,
    "accuracy": 0.7252396166134185,
    "precision": 0.06779661016949153,
    "recall": 0.11428571428571428,
    "f1": 0.0851063829787234,
    "roc_auc": 0.458016443987667
  },
  "health_and_care": {
    "optimal_threshold": 0.17375377522297294,
    "accuracy": 0.8913738019169329,
    "precision": 0.2,
    "recall": 0.12,
    "f1": 0.15,
    "roc_auc": 0.6934027777777778
  },
  "home_lifestyle": {
    "optimal_threshold": 0.1647575748991893,
    "accuracy": 0.805111821086262,
    "precision": 0.19148936170212766,
    "recall": 0.28125,
    "f1": 0.22784810126582278,
    "roc_auc": 0.6409586298932384
  },
  "transport_travel": {
    "optimal_threshold": 0.1710314087535442,
    "accuracy": 0.9201277955271565,
    "precision": 0.0,
    "recall": 0.0,
    "f1": 0.0,
    "roc_auc": 0.49849488260084285
  },
  "leisure": {
    "optimal_threshold": 0.16578898032467987,
    "accuracy": 0.8881789137380192,
    "precision": 0.2,
    "recall": 0.25,
    "f1": 0.2222222222222222,
    "roc_auc": 0.6870307167235495
  },
  "public_services": {
    "optimal_threshold": 0.1948777010280769,
    "accuracy": 0.9233226837060703,
    "precision": 0.1111111111111111,
    "recall": 0.058823529411764705,
    "f1": 0.07692307692307693,
    "roc_auc": 0.5345786963434022
  }
}