{
  "loan": {
    "optimal_threshold": 0.4569486483884471,
    "accuracy": 0.6549520766773163,
    "precision": 0.5773195876288659,
    "recall": 0.45528455284552843,
    "f1": 0.509090909090909,
    "roc_auc": 0.6598416773641421
  },
  "utility": {
    "optimal_threshold": 0.4410318837916619,
    "accuracy": 0.5846645367412141,
    "precision": 0.4620253164556962,
    "recall": 0.6186440677966102,
    "f1": 0.5289855072463768,
    "roc_auc": 0.5740764884832681
  },
  "finance": {
    "optimal_threshold": 0.4921578386154293,
    "accuracy": 0.6645367412140575,
    "precision": 0.608433734939759,
    "recall": 0.7163120567375887,
    "f1": 0.6579804560260586,
    "roc_auc": 0.7061685634174502
  },
  "shopping": {
    "optimal_threshold": 0.46579965653679256,
    "accuracy": 0.33226837060702874,
    "precision": 0.32679738562091504,
    "recall": 0.970873786407767,
    "f1": 0.4889975550122249,
    "roc_auc": 0.5305594082293111
  },
  "financial_services": {
    "optimal_threshold": 0.20575067225956806,
    "accuracy": 0.7603833865814696,
    "precision": 0.21428571428571427,
    "recall": 0.27906976744186046,
    "f1": 0.24242424242424243,
    "roc_auc": 0.5145133505598622
  },
  "health_and_care": {
    "optimal_threshold": 0.17707101051232116,
    "accuracy": 0.865814696485623,
    "precision": 0.16666666666666666,
    "recall": 0.22727272727272727,
    "f1": 0.19230769230769232,
    "roc_auc": 0.6564354889097157
  },
  "home_lifestyle": {
    "optimal_threshold": 0.21773025305775345,
    "accuracy": 0.8594249201277955,
    "precision": 0.38461538461538464,
    "recall": 0.12195121951219512,
    "f1": 0.18518518518518517,
    "roc_auc": 0.5557747489239598
  },
  "transport_travel": {
    "optimal_threshold": 0.26142610443214503,
    "accuracy": 0.9297124600638977,
    "precision": 0.1111111111111111,
    "recall": 0.06666666666666667,
    "f1": 0.08333333333333333,
    "roc_auc": 0.6385906040268456
  },
  "leisure": {
    "optimal_threshold": 0.1631072222254786,
    "accuracy": 0.9456869009584664,
    "precision": 0.0,
    "recall": 0.0,
    "f1": 0.0,
    "roc_auc": 0.6229133545310016
  },
  "public_services": {
    "optimal_threshold": 0.45510561988091414,
    "accuracy": 0.9584664536741214,
    "precision": 0.0,
    "recall": 0.0,
    "f1": 0.0,
    "roc_auc": 0.6623076923076923
  }
}