{
  "loan": 0.38345582585454835,
  "utility": 0.3076095396561287,
  "finance": 0.2779880826236273,
  "shopping": 0.4364958185734352,
  "financial_services": 0.5919848416208634,
  "health_and_care": 0.6784896078417065,
  "home_lifestyle": 0.5207032222776786,
  "transport_travel": 0.2209051038472384,
  "leisure": 0.55,
  "public_services": 0.008655256723716382
}