{
  "loan": {
    "rmse": 0.36413177618429754,
    "mae": 0.2813741324914685,
    "r2": 0.014477905132430413
  },
  "utility": {
    "rmse": 0.30543022894177857,
    "mae": 0.24021627830565617,
    "r2": 0.014490246478136015
  },
  "finance": {
    "rmse": 0.3224664282185302,
    "mae": 0.2660262300093696,
    "r2": 0.09156775989707899
  },
  "shopping": {
    "rmse": 0.28119271719068545,
    "mae": 0.2139345693892864,
    "r2": 0.027229410508567753
  },
  "other": {
    "rmse": 0.32737270537358565,
    "mae": 0.24572234001832008,
    "r2": -0.0001044354573582762
  }
}