{
  "loan": 0.45919568648747794,
  "utility": 0.4798899001379622,
  "finance": 0.5870747171270092,
  "shopping": 0.4085575251591671,
  "financial_services": 0.2005780245726687,
  "health_and_care": 0.11830948587906592,
  "home_lifestyle": 0.22855790517711203,
  "transport_travel": 0.12005371808082577,
  "leisure": 0.0743016838081137,
  "public_services": 0.069646886746241
}