{
  "loan": 0.46355824918161664,
  "utility": 0.46117427880418843,
  "finance": 0.5290398769420193,
  "shopping": 0.4072191060500545,
  "financial_services": 0.3620150285334205,
  "health_and_care": 0.44228060118400414,
  "home_lifestyle": 0.04696312829272172,
  "transport_travel": 0.25978308083626245,
  "leisure": 0.20337244593516485,
  "public_services": 0.42113267303432855
}