{
  "loan": 0.44,
  "utility": 0.5381192182385602,
  "finance": 0.28,
  "shopping": 0.0,
  "financial_services": 0.4863438111252463,
  "health_and_care": 0.02917636526410027,
  "home_lifestyle": 0.10482606565409112,
  "transport_travel": 0.64,
  "leisure": 0.5748072634914493,
  "public_services": 0.67
}