{
  "loan": 0.29157804459066194,
  "utility": 0.01,
  "finance": 0.5128676183768508,
  "shopping": 0.17112675940047392,
  "financial_services": 0.19,
  "health_and_care": 0.31,
  "home_lifestyle": 0.0,
  "transport_travel": 0.6358852426524046,
  "leisure": 0.33,
  "public_services": 0.2
}