{
  "loan": 0.68,
  "utility": 0.32237747795194127,
  "finance": 0.3847111199980732,
  "shopping": 0.06,
  "financial_services": 0.02940127388535032,
  "health_and_care": 0.4678555779535053,
  "home_lifestyle": 0.06,
  "transport_travel": 0.13,
  "leisure": 0.01,
  "public_services": 0.1
}