{
  "loan": {
    "optimal_threshold": 0.43894736563280135,
    "accuracy": 0.6142857142857143,
    "precision": 0.6055045871559633,
    "recall": 0.5038167938931297,
    "f1": 0.55,
    "roc_auc": 0.622752190173677
  },
  "utility": {
    "optimal_threshold": 0.011014300009539495,
    "accuracy": 0.38571428571428573,
    "precision": 0.38181818181818183,
    "recall": 0.9813084112149533,
    "f1": 0.5497382198952879,
    "roc_auc": 0.4829020582356437
  },
  "finance": {
    "optimal_threshold": 0.32,
    "accuracy": 0.5892857142857143,
    "precision": 0.5487804878048781,
    "recall": 0.6870229007633588,
    "f1": 0.6101694915254238,
    "roc_auc": 0.6022849531225986
  },
  "shopping": {
    "optimal_threshold": 0.24572494669509595,
    "accuracy": 0.46785714285714286,
    "precision": 0.358695652173913,
    "recall": 0.6804123711340206,
    "f1": 0.4697508896797153,
    "roc_auc": 0.49507070024223987
  },
  "financial_services": {
    "optimal_threshold": 0.02,
    "accuracy": 0.3107142857142857,
    "precision": 0.09852216748768473,
    "recall": 0.6666666666666666,
    "f1": 0.17167381974248927,
    "roc_auc": 0.4230666666666667
  },
  "health_and_care": {
    "optimal_threshold": 0.9288134135855546,
    "accuracy": 0.9214285714285714,
    "precision": 0.0,
    "recall": 0.0,
    "f1": 0.0,
    "roc_auc": 0.4879316420014095
  },
  "home_lifestyle": {
    "optimal_threshold": 0.0,
    "accuracy": 0.19642857142857142,
    "precision": 0.09836065573770492,
    "recall": 0.8275862068965517,
    "f1": 0.17582417582417584,
    "roc_auc": 0.393117186426707
  },
  "transport_travel": {
    "optimal_threshold": 0.6206166024215948,
    "accuracy": 0.9214285714285714,
    "precision": 0.2,
    "recall": 0.05263157894736842,
    "f1": 0.08333333333333333,
    "roc_auc": 0.4191369227666868
  },
  "leisure": {
    "optimal_threshold": 0.37,
    "accuracy": 0.8964285714285715,
    "precision": 0.23076923076923078,
    "recall": 0.4,
    "f1": 0.2926829268292683,
    "roc_auc": 0.7441509433962264
  },
  "public_services": {
    "optimal_threshold": 0.6856426512266647,
    "accuracy": 0.9642857142857143,
    "precision": 0.0,
    "recall": 0.0,
    "f1": 0.0,
    "roc_auc": 0.5533333333333332
  }
}