merged_cluster,avg_distance_to_centroid,median_distance_to_centroid,std_distance_to_centroid,n_points
0,47398.153872744966,24913.060747291547,60103.06758572372,3702
4,622901.4925057739,322189.4367509255,2311248.4572615405,96
5,930173.9652974522,399586.4991093425,1588901.293937742,73
