merged_cluster,avg_distance_to_centroid,median_distance_to_centroid,std_distance_to_centroid,n_points
0,44234.46463149655,23123.556140334236,55991.84497846106,3679
3,1656348.3007911625,920421.9306473617,2098214.265511022,20
4,652051.1472899686,387866.88719045173,1753577.9338302487,172
