{
  "loan": 0.43894736563280135,
  "utility": 0.011014300009539495,
  "finance": 0.32,
  "shopping": 0.24572494669509595,
  "financial_services": 0.02,
  "health_and_care": 0.9288134135855546,
  "home_lifestyle": 0.0,
  "transport_travel": 0.6206166024215948,
  "leisure": 0.37,
  "public_services": 0.6856426512266647
}