Method,Model,Threshold,Total Predictions,True Positives,False Positives,False Negatives,Precision,Recall,F1 Score,F-Beta Score,Accuracy,NDCG,"Harmonic Mean (F1, NDCG)","Harmonic Mean (F-Beta, NDCG)"
Multilabel,Neural Network,Optimal Threshold,1656.0,518.0,1138.0,55.0,0.3128,0.904,0.4648,0.3599,0.2282,0.5474552887536888,0.5027530525940901,0.43429329362941144
Multilabel,Multioutputclassifier,Optimal Threshold,597.0,284.0,313.0,289.0,0.4757,0.4956,0.4855,0.4796,0.6014,0.7053500965459828,0.5751311149343331,0.5709707223781401
Binary Classification,Random Forests Regressor,Optimal Threshold,642.0,261.0,381.0,312.0,0.4065,0.4555,0.4296,0.4155,0.5583,0.7302341218740774,0.540954215504901,0.529638197634173
Binary Classification,Catboost Regressor,Optimal Threshold,574.0,221.0,353.0,352.0,0.385,0.3857,0.3854,0.3852,0.5713,0.6844584053177114,0.49313118090820496,0.4929674303827337
Binary Classification,Random Forests Classifier,Optimal Threshold,495.0,257.0,238.0,316.0,0.5192,0.4485,0.4813,0.5033,0.6245,0.739280221017855,0.5830269313706807,0.5988824366341493
Binary Classification,Catboost Classifier,Optimal Threshold,457.0,263.0,194.0,310.0,0.5755,0.459,0.5107,0.5477,0.6449,0.7460592297499368,0.6063411982406599,0.6316733913666758
Baseline All 1,-,-,3920.0,872.0,3048.0,0.0,0.2224,1.0,0.3639,0.2634,0.038,-,-,-
