Method,Model,Threshold,Total Predictions,True Positives,False Positives,False Negatives,Precision,Recall,F1 Score,F-Beta Score,Accuracy,NDCG,"Harmonic Mean (F1, NDCG)","Harmonic Mean (F-Beta, NDCG)"
Multilabel,Neural Network,Optimal Threshold,1526.0,493.0,1033.0,308.0,0.3231,0.6155,0.4237,0.357,0.504,0.6919280482272285,0.5255692782190873,0.4709919114749597
Multilabel,Multioutputclassifier,Optimal Threshold,1902.0,553.0,1349.0,248.0,0.2907,0.6904,0.4092,0.3288,0.4161,0.6446908080818641,0.5006353156210597,0.43549324952535406
Binary Classification,Random Forests Regressor,Optimal Threshold,1646.0,492.0,1154.0,309.0,0.2989,0.6142,0.4021,0.3331,0.4462,0.6491491433918054,0.4965956399558473,0.4402784794846263
Binary Classification,Catboost Regressor,Optimal Threshold,1821.0,539.0,1282.0,262.0,0.296,0.6729,0.4111,0.3333,0.4099,0.5742152948559808,0.4791560812009876,0.4217801261539523
Binary Classification,Random Forests Classifier,Optimal Threshold,1466.0,504.0,962.0,297.0,0.3438,0.6292,0.4446,0.3781,0.5283,0.6606354670696862,0.5315039869973034,0.4809429888895684
Binary Classification,Catboost Classifier,Optimal Threshold,1134.0,376.0,758.0,425.0,0.3316,0.4694,0.3886,0.3523,0.5765,0.6758265222637094,0.4934604334983159,0.46316027966922724
Rl,-,Optimal Threshold,3920.0,872.0,3048.0,0.0,0.2224,1.0,0.3639,0.2634,0.038,0.7209888022727169,0.48367689775654665,0.38584033073147667
Baseline All 1,-,-,3920.0,872.0,3048.0,0.0,0.2224,1.0,0.3639,0.2634,0.038,-,-,-
