Method,Model,Precision,Recall,F-Beta Score,NDCG,"Harmonic Mean (F-Beta, NDCG)"
Multilabel,Neural Network,0.3231,0.6155,0.357,0.6919280482272285,0.4709919114749597
Multilabel,Multioutputclassifier,0.2907,0.6904,0.3288,0.6446908080818641,0.43549324952535406
Binary Classification,Random Forests Regressor,0.2989,0.6142,0.3331,0.6491491433918054,0.4402784794846263
Binary Classification,Catboost Regressor,0.296,0.6729,0.3333,0.5742152948559808,0.4217801261539523
Binary Classification,Random Forests Classifier,0.3438,0.6292,0.3781,0.6606354670696862,0.4809429888895684
Binary Classification,Catboost Classifier,0.3316,0.4694,0.3523,0.6758265222637094,0.46316027966922724
Baseline All 1,-,0.2224,1.0,0.2634,-,-
