Method,Model,Threshold,Case,Total Predictions,True Positives,False Positives,False Negatives,Precision,Recall,F1 Score,F-Beta Score,Accuracy,NDCG,"Harmonic Mean (F1, NDCG)","Harmonic Mean (F-Beta, NDCG)"
Binary,CatBoost Classifier,Optimal Threshold,T0,1032.0,322.0,710.0,550.0,0.312,0.3693,0.3382,0.322,0.6115,0.671369302327491,0.4498098298426731,0.4352478274553772
Binary,CatBoost Classifier,Optimal Threshold,T1,834.0,275.0,559.0,597.0,0.3297,0.3154,0.3224,0.3268,0.648,0.6399016222814383,0.4287725973784116,0.43264611404715825
Binary,CatBoost Classifier,Optimal Threshold,T1_predicted,842.0,350.0,492.0,522.0,0.4157,0.4014,0.4084,0.4127,0.6691,0.6837186435568041,0.5113559697492249,0.5147134004955
