Method,Model,Threshold,Case,Total Predictions,True Positives,False Positives,False Negatives,Precision,Recall,F1 Score,F-Beta Score,Accuracy,NDCG,"Harmonic Mean (F1, NDCG)","Harmonic Mean (F-Beta, NDCG)"
Binary,CatBoost Classifier,Optimal Threshold,T0,1032.0,322.0,710.0,550.0,0.312,0.3693,0.3382,0.322,0.6115,0.671369302327491,0.4498098298426731,0.4352478274553772
Binary,CatBoost Classifier,Optimal Threshold,T1,772.0,238.0,534.0,634.0,0.3083,0.2729,0.2895,0.3005,0.6536,0.6455916728308114,0.39974431323662524,0.41010887899517895
Binary,CatBoost Classifier,Optimal Threshold,T1_predicted,841.0,350.0,491.0,522.0,0.4162,0.4014,0.4086,0.4131,0.6691,0.6819402979611277,0.5110142307769152,0.5145190320616714
