Method,Model,Threshold,Case,Total Predictions,True Positives,False Positives,False Negatives,Precision,Recall,F1 Score,F-Beta Score,Accuracy,NDCG,"Harmonic Mean (F1, NDCG)","Harmonic Mean (F-Beta, NDCG)"
Binary,CatBoost Classifier,Optimal Threshold,T0,1100.0,396.0,704.0,476.0,0.36,0.4541,0.4016,0.3756,0.6186,0.7168342243691231,0.5147922304845868,0.49292292142994604
Binary,CatBoost Classifier,Optimal Threshold,T1,772.0,238.0,534.0,634.0,0.3083,0.2729,0.2895,0.3005,0.6536,0.6799910753139189,0.40610464875014457,0.41680607458137436
Binary,CatBoost Classifier,Optimal Threshold,T1_predicted,1069.0,450.0,619.0,422.0,0.421,0.5161,0.4637,0.4371,0.6411,0.7192969902646534,0.5638864969742695,0.5437660545497014
