{
  "loan": 0.5118282437324524,
  "utility": 0.3166505694389343,
  "finance": 0.3715621829032898,
  "shopping": 0.31737035512924194,
  "financial_services": 0.06147734448313713,
  "health_and_care": 0.08544694632291794,
  "home_lifestyle": 0.14401735365390778,
  "transport_travel": 0.13530723750591278,
  "leisure": 0.14928758144378662,
  "public_services": 0.07660362124443054
}