{
  "loan": 0.46385037899017334,
  "utility": 0.3036988079547882,
  "finance": 0.4888988137245178,
  "shopping": 0.3035925030708313,
  "financial_services": 0.11237229406833649,
  "health_and_care": 0.0380103774368763,
  "home_lifestyle": 0.13082583248615265,
  "transport_travel": 0.10993689298629761,
  "leisure": 0.18439379334449768,
  "public_services": 0.13075488805770874
}