{
  "loan": 0.4108634889125824,
  "utility": 0.3161557614803314,
  "finance": 0.41954275965690613,
  "shopping": 0.34574010968208313,
  "financial_services": 0.1346767693758011,
  "health_and_care": 0.17181935906410217,
  "home_lifestyle": 0.13119307160377502,
  "transport_travel": 0.11486364901065826,
  "leisure": 0.14705178141593933,
  "public_services": 0.13230714201927185
}