{
  "loan": 0.6307029724121094,
  "utility": 0.5554608702659607,
  "finance": 0.5448369383811951,
  "shopping": 0.356849730014801,
  "financial_services": 0.2251620590686798,
  "health_and_care": 0.1580919772386551,
  "home_lifestyle": 0.26155760884284973,
  "transport_travel": 0.20851711928844452,
  "leisure": 0.4922994375228882,
  "public_services": 0.14356105029582977
}