{
  "loan": 0.5442696213722229,
  "utility": 0.4175735414028168,
  "finance": 0.4926503002643585,
  "shopping": 0.11974648386240005,
  "financial_services": 0.10843821614980698,
  "health_and_care": 0.11845917999744415,
  "home_lifestyle": 0.1330544799566269,
  "transport_travel": 0.16566090285778046,
  "leisure": 0.17152416706085205,
  "public_services": 0.08956312388181686
}