epoch,step,min,max,mean,std
1,10000,-0.13389655947685242,0.14823660254478455,-0.0005487871239893138,0.008061720058321953
