epoch,step,min,max,mean,std
1,10000,-0.003642845433205366,0.0037640288937836885,-0.0001684518065303564,0.0007722238078713417
