epoch,step,min,max,mean,std
1,10000,-0.043028973042964935,0.003655046224594116,-0.004018453415483236,0.011938121169805527
