epoch,step,min,max,mean,std
1,10000,-0.004955708514899015,0.003311166539788246,-0.00023442163364961743,0.001219981350004673
