epoch,step,min,max,mean,std
1,10000,-0.051171645522117615,0.03518905118107796,-0.0005104787996970117,0.004603395238518715
