epoch,step,min,max,mean,std
1,10000,-0.3516645133495331,0.0195106603205204,-0.0028523944783955812,0.01835198700428009
