{
  "loan": 0.46256279945373535,
  "utility": 0.3413817882537842,
  "finance": 0.46604040265083313,
  "shopping": 0.3578662574291229,
  "financial_services": 0.05364180728793144,
  "health_and_care": 0.10119236260652542,
  "home_lifestyle": 0.0871284008026123,
  "transport_travel": 0.06658271700143814,
  "leisure": 0.14600759744644165,
  "public_services": 0.16970175504684448
}