cluster,avg_distance_to_centroid,median_distance_to_centroid,std_distance_to_centroid,n_points
0,0.17802462,0.17595877,0.03955007,308
1,0.17056477,0.16832635,0.02977657,398
2,0.18062827,0.17923628,0.025499389,519
3,0.18824854,0.18378398,0.025833234,372
4,0.18907648,0.18794134,0.023236454,317
5,0.19184949,0.179312,0.050214965,572
6,0.1961491,0.19205646,0.02931756,438
7,0.17230874,0.16957682,0.028195232,478
8,0.17985126,0.17672372,0.029628534,469
