{
  "loan": {
    "optimal_threshold": 0.44,
    "accuracy": 0.6464285714285715,
    "precision": 0.6379310344827587,
    "recall": 0.5648854961832062,
    "f1": 0.5991902834008097,
    "roc_auc": 0.6493672831599979
  },
  "utility": {
    "optimal_threshold": 0.5381192182385602,
    "accuracy": 0.5928571428571429,
    "precision": 0.4631578947368421,
    "recall": 0.411214953271028,
    "f1": 0.43564356435643564,
    "roc_auc": 0.5243098698071417
  },
  "finance": {
    "optimal_threshold": 0.28,
    "accuracy": 0.5714285714285714,
    "precision": 0.5300546448087432,
    "recall": 0.7404580152671756,
    "f1": 0.6178343949044586,
    "roc_auc": 0.614862441723449
  },
  "shopping": {
    "optimal_threshold": 0.0,
    "accuracy": 0.34285714285714286,
    "precision": 0.34408602150537637,
    "recall": 0.9896907216494846,
    "f1": 0.5106382978723404,
    "roc_auc": 0.4426511182468594
  },
  "financial_services": {
    "optimal_threshold": 0.4863438111252463,
    "accuracy": 0.8392857142857143,
    "precision": 0.14285714285714285,
    "recall": 0.1,
    "f1": 0.11764705882352941,
    "roc_auc": 0.5004666666666666
  },
  "health_and_care": {
    "optimal_threshold": 0.02917636526410027,
    "accuracy": 0.48214285714285715,
    "precision": 0.087248322147651,
    "recall": 0.5909090909090909,
    "f1": 0.15204678362573099,
    "roc_auc": 0.5004404510218464
  },
  "home_lifestyle": {
    "optimal_threshold": 0.10482606565409112,
    "accuracy": 0.5714285714285714,
    "precision": 0.136,
    "recall": 0.5862068965517241,
    "f1": 0.22077922077922077,
    "roc_auc": 0.5561890369556258
  },
  "transport_travel": {
    "optimal_threshold": 0.64,
    "accuracy": 0.925,
    "precision": 0.0,
    "recall": 0.0,
    "f1": 0.0,
    "roc_auc": 0.4412179874974793
  },
  "leisure": {
    "optimal_threshold": 0.5748072634914493,
    "accuracy": 0.9285714285714286,
    "precision": 0.14285714285714285,
    "recall": 0.06666666666666667,
    "f1": 0.09090909090909091,
    "roc_auc": 0.5104402515723271
  },
  "public_services": {
    "optimal_threshold": 0.67,
    "accuracy": 0.9571428571428572,
    "precision": 0.0,
    "recall": 0.0,
    "f1": 0.0,
    "roc_auc": 0.5520370370370371
  }
}