{
  "loan": {
    "precision": 0.6022727272727273,
    "recall": 0.4076923076923077,
    "f1_score": 0.4862385321100917
  },
  "utility": {
    "precision": 0.2727272727272727,
    "recall": 0.05405405405405406,
    "f1_score": 0.09022556390977444
  },
  "finance": {
    "precision": 0.5704225352112676,
    "recall": 0.6090225563909775,
    "f1_score": 0.5890909090909091
  },
  "shopping": {
    "precision": 0.3548387096774194,
    "recall": 0.10891089108910891,
    "f1_score": 0.16666666666666666
  },
  "financial_services": {
    "precision": 0,
    "recall": 0.0,
    "f1_score": 0
  },
  "health_and_care": {
    "precision": 0,
    "recall": 0.0,
    "f1_score": 0
  },
  "home_lifestyle": {
    "precision": 0,
    "recall": 0.0,
    "f1_score": 0
  },
  "transport_travel": {
    "precision": 0,
    "recall": 0.0,
    "f1_score": 0
  },
  "leisure": {
    "precision": 0,
    "recall": 0.0,
    "f1_score": 0
  },
  "public_services": {
    "precision": 0,
    "recall": 0.0,
    "f1_score": 0
  }
}