{
  "charity": {
    "precision": 0.9682052124960192,
    "recall": 0.9776357827476039,
    "f1": 0.9728976448667592,
    "accuracy": 0.9776357827476039,
    "support": 313.0
  },
  "loan": {
    "precision": 0.6025217719646407,
    "recall": 0.610223642172524,
    "f1": 0.6043541285702979,
    "accuracy": 0.610223642172524,
    "support": 313.0
  },
  "utility": {
    "precision": 0.5389650362237322,
    "recall": 0.5527156549520766,
    "f1": 0.5441163539308504,
    "accuracy": 0.5527156549520766,
    "support": 313.0
  },
  "investment": {
    "precision": 0.9370224015843657,
    "recall": 0.9424920127795527,
    "f1": 0.939711511087211,
    "accuracy": 0.9424920127795527,
    "support": 313.0
  },
  "finance": {
    "precision": 0.5761362245938414,
    "recall": 0.5782747603833865,
    "f1": 0.5743241521442063,
    "accuracy": 0.5782747603833865,
    "support": 313.0
  },
  "shopping": {
    "precision": 0.5180666685515564,
    "recall": 0.5431309904153354,
    "f1": 0.5269580681445246,
    "accuracy": 0.5431309904153354,
    "support": 313.0
  },
  "personal_care": {
    "precision": 0.942772996430467,
    "recall": 0.952076677316294,
    "f1": 0.9474019964129407,
    "accuracy": 0.952076677316294,
    "support": 313.0
  },
  "medical": {
    "precision": 0.8994286665764745,
    "recall": 0.9297124600638977,
    "f1": 0.9143198696654888,
    "accuracy": 0.9297124600638977,
    "support": 313.0
  },
  "home_and_living": {
    "precision": 0.8205063317833381,
    "recall": 0.8753993610223643,
    "f1": 0.8470644583657628,
    "accuracy": 0.8753993610223643,
    "support": 313.0
  },
  "insurance": {
    "precision": 0.8518396372256003,
    "recall": 0.9137380191693291,
    "f1": 0.8817037981300037,
    "accuracy": 0.9137380191693291,
    "support": 313.0
  },
  "automotive": {
    "precision": 0.9808921110838044,
    "recall": 0.987220447284345,
    "f1": 0.9840461050101188,
    "accuracy": 0.987220447284345,
    "support": 313.0
  },
  "restaurant": {
    "precision": 0.8669442024074612,
    "recall": 0.8817891373801917,
    "f1": 0.8743036608319728,
    "accuracy": 0.8817891373801917,
    "support": 313.0
  },
  "business": {
    "precision": 0.987220447284345,
    "recall": 0.987220447284345,
    "f1": 0.987220447284345,
    "accuracy": 0.987220447284345,
    "support": 313.0
  },
  "entertainment": {
    "precision": 0.9808921110838044,
    "recall": 0.987220447284345,
    "f1": 0.9840461050101188,
    "accuracy": 0.987220447284345,
    "support": 313.0
  },
  "bank": {
    "precision": 0.9809225367207994,
    "recall": 0.9904153354632588,
    "f1": 0.985646080236309,
    "accuracy": 0.9904153354632588,
    "support": 313.0
  },
  "education": {
    "precision": 0.9809225367207994,
    "recall": 0.9904153354632588,
    "f1": 0.985646080236309,
    "accuracy": 0.9904153354632588,
    "support": 313.0
  },
  "pet_care": {
    "precision": 0.9936102236421726,
    "recall": 0.9936102236421726,
    "f1": 0.9936102236421726,
    "accuracy": 0.9936102236421726,
    "support": 313.0
  },
  "government": {
    "precision": 0.9307294823459314,
    "recall": 0.9584664536741214,
    "f1": 0.9443943523966872,
    "accuracy": 0.9584664536741214,
    "support": 313.0
  },
  "travel": {
    "precision": 0.987220447284345,
    "recall": 0.987220447284345,
    "f1": 0.987220447284345,
    "accuracy": 0.987220447284345,
    "support": 313.0
  },
  "transportation": {
    "precision": 0.9366208871001204,
    "recall": 0.952076677316294,
    "f1": 0.9442855424773717,
    "accuracy": 0.952076677316294,
    "support": 313.0
  },
  "visit": {
    "precision": 0.9746042115363023,
    "recall": 0.987220447284345,
    "f1": 0.9808717627358926,
    "accuracy": 0.987220447284345,
    "support": 313.0
  },
  "system_dpst": {
    "precision": 0.9936204309526482,
    "recall": 0.9968051118210862,
    "f1": 0.9952102236421724,
    "accuracy": 0.9968051118210862,
    "support": 313.0
  }
}