{
  "loan": {
    "precision": 0.7142857142857143,
    "recall": 0.4225352112676056,
    "f1_score": 0.5309734513274336,
    "optimal_threshold": 0.6307029724121094
  },
  "utility": {
    "precision": 0.7534246575342466,
    "recall": 0.625,
    "f1_score": 0.6832298136645963,
    "optimal_threshold": 0.5554608702659607
  },
  "finance": {
    "precision": 0.8769230769230769,
    "recall": 0.6195652173913043,
    "f1_score": 0.7261146496815286,
    "optimal_threshold": 0.5448369383811951
  },
  "shopping": {
    "precision": 0.6419753086419753,
    "recall": 0.7536231884057971,
    "f1_score": 0.6933333333333332,
    "optimal_threshold": 0.356849730014801
  },
  "financial_services": {
    "precision": 0.6190476190476191,
    "recall": 0.3939393939393939,
    "f1_score": 0.48148148148148145,
    "optimal_threshold": 0.2251620590686798
  },
  "health_and_care": {
    "precision": 0.11538461538461539,
    "recall": 0.2,
    "f1_score": 0.14634146341463417,
    "optimal_threshold": 0.1580919772386551
  },
  "home_lifestyle": {
    "precision": 0.34782608695652173,
    "recall": 0.26666666666666666,
    "f1_score": 0.30188679245283023,
    "optimal_threshold": 0.26155760884284973
  },
  "transport_travel": {
    "precision": 0.25,
    "recall": 0.14285714285714285,
    "f1_score": 0.18181818181818182,
    "optimal_threshold": 0.20851711928844452
  },
  "leisure": {
    "precision": 0.75,
    "recall": 0.17647058823529413,
    "f1_score": 0.2857142857142857,
    "optimal_threshold": 0.4922994375228882
  },
  "public_services": {
    "precision": 0.15384615384615385,
    "recall": 0.4,
    "f1_score": 0.2222222222222222,
    "optimal_threshold": 0.14356105029582977
  }
}