{
  "loan": {
    "precision": 0.5596330275229358,
    "recall": 0.4765625,
    "f1_score": 0.5147679324894515,
    "optimal_threshold": 0.46385037899017334
  },
  "utility": {
    "precision": 0.38235294117647056,
    "recall": 0.8272727272727273,
    "f1_score": 0.5229885057471264,
    "optimal_threshold": 0.3036988079547882
  },
  "finance": {
    "precision": 0.6134969325153374,
    "recall": 0.6896551724137931,
    "f1_score": 0.6493506493506493,
    "optimal_threshold": 0.4888988137245178
  },
  "shopping": {
    "precision": 0.4,
    "recall": 0.8135593220338984,
    "f1_score": 0.5363128491620113,
    "optimal_threshold": 0.3035925030708313
  },
  "financial_services": {
    "precision": 0.11764705882352941,
    "recall": 0.45714285714285713,
    "f1_score": 0.1871345029239766,
    "optimal_threshold": 0.11237229406833649
  },
  "health_and_care": {
    "precision": 0.07868852459016394,
    "recall": 0.96,
    "f1_score": 0.14545454545454548,
    "optimal_threshold": 0.0380103774368763
  },
  "home_lifestyle": {
    "precision": 0.10526315789473684,
    "recall": 0.3125,
    "f1_score": 0.15748031496062992,
    "optimal_threshold": 0.13082583248615265
  },
  "transport_travel": {
    "precision": 0.05,
    "recall": 0.18181818181818182,
    "f1_score": 0.07843137254901962,
    "optimal_threshold": 0.10993689298629761
  },
  "leisure": {
    "precision": 0.25,
    "recall": 0.1,
    "f1_score": 0.14285714285714288,
    "optimal_threshold": 0.18439379334449768
  },
  "public_services": {
    "precision": 0.09090909090909091,
    "recall": 0.058823529411764705,
    "f1_score": 0.07142857142857142,
    "optimal_threshold": 0.13075488805770874
  }
}