{
  "loan": {
    "precision": 0.6818181818181818,
    "recall": 0.4580152671755725,
    "f1_score": 0.547945205479452,
    "optimal_threshold": 0.5118282437324524
  },
  "utility": {
    "precision": 0.40350877192982454,
    "recall": 0.8598130841121495,
    "f1_score": 0.5492537313432836,
    "optimal_threshold": 0.3166505694389343
  },
  "finance": {
    "precision": 0.5824175824175825,
    "recall": 0.8091603053435115,
    "f1_score": 0.6773162939297125,
    "optimal_threshold": 0.3715621829032898
  },
  "shopping": {
    "precision": 0.39361702127659576,
    "recall": 0.7628865979381443,
    "f1_score": 0.519298245614035,
    "optimal_threshold": 0.31737035512924194
  },
  "financial_services": {
    "precision": 0.10727969348659004,
    "recall": 0.9333333333333333,
    "f1_score": 0.19243986254295534,
    "optimal_threshold": 0.06147734448313713
  },
  "health_and_care": {
    "precision": 0.09649122807017543,
    "recall": 0.5,
    "f1_score": 0.16176470588235295,
    "optimal_threshold": 0.08544694632291794
  },
  "home_lifestyle": {
    "precision": 0.13157894736842105,
    "recall": 0.3448275862068966,
    "f1_score": 0.1904761904761905,
    "optimal_threshold": 0.14401735365390778
  },
  "transport_travel": {
    "precision": 0.0,
    "recall": 0.0,
    "f1_score": 0,
    "optimal_threshold": 0.13530723750591278
  },
  "leisure": {
    "precision": 0.21739130434782608,
    "recall": 0.3333333333333333,
    "f1_score": 0.26315789473684204,
    "optimal_threshold": 0.14928758144378662
  },
  "public_services": {
    "precision": 0.05263157894736842,
    "recall": 0.3,
    "f1_score": 0.08955223880597013,
    "optimal_threshold": 0.07660362124443054
  }
}