{
  "loan": {
    "precision": 0.65625,
    "recall": 0.3230769230769231,
    "f1_score": 0.43298969072164956,
    "optimal_threshold": 0.5442696213722229
  },
  "utility": {
    "precision": 0.4434782608695652,
    "recall": 0.4594594594594595,
    "f1_score": 0.45132743362831856,
    "optimal_threshold": 0.4175735414028168
  },
  "finance": {
    "precision": 0.5827338129496403,
    "recall": 0.6090225563909775,
    "f1_score": 0.5955882352941176,
    "optimal_threshold": 0.4926503002643585
  },
  "shopping": {
    "precision": 0.32051282051282054,
    "recall": 0.9900990099009901,
    "f1_score": 0.4842615012106538,
    "optimal_threshold": 0.11974648386240005
  },
  "financial_services": {
    "precision": 0.1910828025477707,
    "recall": 0.6,
    "f1_score": 0.2898550724637681,
    "optimal_threshold": 0.10843821614980698
  },
  "health_and_care": {
    "precision": 0.12121212121212122,
    "recall": 0.16,
    "f1_score": 0.1379310344827586,
    "optimal_threshold": 0.11845917999744415
  },
  "home_lifestyle": {
    "precision": 0.1527777777777778,
    "recall": 0.3055555555555556,
    "f1_score": 0.20370370370370372,
    "optimal_threshold": 0.1330544799566269
  },
  "transport_travel": {
    "precision": 0,
    "recall": 0.0,
    "f1_score": 0,
    "optimal_threshold": 0.16566090285778046
  },
  "leisure": {
    "precision": 0.1,
    "recall": 0.045454545454545456,
    "f1_score": 0.06250000000000001,
    "optimal_threshold": 0.17152416706085205
  },
  "public_services": {
    "precision": 0.05128205128205128,
    "recall": 0.2857142857142857,
    "f1_score": 0.08695652173913043,
    "optimal_threshold": 0.08956312388181686
  }
}