{
  "loan": {
    "precision": 0.5658914728682171,
    "recall": 0.5703125,
    "f1_score": 0.5680933852140078,
    "optimal_threshold": 0.4108634889125824
  },
  "utility": {
    "precision": 0.38461538461538464,
    "recall": 0.8181818181818182,
    "f1_score": 0.5232558139534884,
    "optimal_threshold": 0.3161557614803314
  },
  "finance": {
    "precision": 0.6063829787234043,
    "recall": 0.7862068965517242,
    "f1_score": 0.6846846846846847,
    "optimal_threshold": 0.41954275965690613
  },
  "shopping": {
    "precision": 0.4117647058823529,
    "recall": 0.711864406779661,
    "f1_score": 0.5217391304347826,
    "optimal_threshold": 0.34574010968208313
  },
  "financial_services": {
    "precision": 0.1188118811881188,
    "recall": 0.34285714285714286,
    "f1_score": 0.1764705882352941,
    "optimal_threshold": 0.1346767693758011
  },
  "health_and_care": {
    "precision": 0.2,
    "recall": 0.04,
    "f1_score": 0.06666666666666667,
    "optimal_threshold": 0.17181935906410217
  },
  "home_lifestyle": {
    "precision": 0.11320754716981132,
    "recall": 0.375,
    "f1_score": 0.1739130434782609,
    "optimal_threshold": 0.13119307160377502
  },
  "transport_travel": {
    "precision": 0.041666666666666664,
    "recall": 0.09090909090909091,
    "f1_score": 0.05714285714285715,
    "optimal_threshold": 0.11486364901065826
  },
  "leisure": {
    "precision": 0.14814814814814814,
    "recall": 0.2,
    "f1_score": 0.1702127659574468,
    "optimal_threshold": 0.14705178141593933
  },
  "public_services": {
    "precision": 0.16666666666666666,
    "recall": 0.058823529411764705,
    "f1_score": 0.08695652173913045,
    "optimal_threshold": 0.13230714201927185
  }
}