{
  "loan": {
    "optimal_threshold": 1.0831919191919193,
    "accuracy": 0.6198083067092651,
    "precision": 0.5555555555555556,
    "recall": 0.4230769230769231,
    "f1": 0.48034934497816595,
    "rmse": 1.6814230796939993,
    "mae": 1.0684724196641129,
    "r2": -0.15126669876695553
  },
  "utility": {
    "optimal_threshold": 0.7771043771043772,
    "accuracy": 0.5079872204472844,
    "precision": 0.3850267379679144,
    "recall": 0.6486486486486487,
    "f1": 0.48322147651006714,
    "rmse": 2.2660783692911672,
    "mae": 1.3618512480153855,
    "r2": -0.20066086905839575
  },
  "finance": {
    "optimal_threshold": 2.00979797979798,
    "accuracy": 0.6389776357827476,
    "precision": 0.5632911392405063,
    "recall": 0.6691729323308271,
    "f1": 0.6116838487972509,
    "rmse": 7.885821436575198,
    "mae": 3.9110392646934184,
    "r2": -1.4672406421959474
  },
  "shopping": {
    "optimal_threshold": 0.5286397306397306,
    "accuracy": 0.41214057507987223,
    "precision": 0.33725490196078434,
    "recall": 0.8514851485148515,
    "f1": 0.48314606741573035,
    "rmse": 3.352997550481372,
    "mae": 1.9121056941815726,
    "r2": -0.7639460480078157
  },
  "financial_services": {
    "optimal_threshold": 0.06438047138047139,
    "accuracy": 0.34824281150159747,
    "precision": 0.17094017094017094,
    "recall": 0.8,
    "f1": 0.28169014084507044,
    "rmse": 5.59565455956191,
    "mae": 1.2717154516587423,
    "r2": -0.03973184035842192
  },
  "health_and_care": {
    "optimal_threshold": 0.0,
    "accuracy": 0.2715654952076677,
    "precision": 0.07883817427385892,
    "recall": 0.76,
    "f1": 0.14285714285714285,
    "rmse": 0.6141080914901489,
    "mae": 0.3014612642416157,
    "r2": -0.3392390284221738
  },
  "home_lifestyle": {
    "optimal_threshold": 0.4545454545454546,
    "accuracy": 0.7955271565495208,
    "precision": 0.20833333333333334,
    "recall": 0.2777777777777778,
    "f1": 0.23809523809523808,
    "rmse": 0.6452261156887649,
    "mae": 0.33443518675148065,
    "r2": -0.7298386095935261
  },
  "transport_travel": {
    "optimal_threshold": 0.0,
    "accuracy": 0.29073482428115016,
    "precision": 0.035555555555555556,
    "recall": 0.6153846153846154,
    "f1": 0.06722689075630252,
    "rmse": 0.4654769430283155,
    "mae": 0.17930902430902432,
    "r2": -1.1901386863183419
  },
  "leisure": {
    "optimal_threshold": 0.28175869809203147,
    "accuracy": 0.7124600638977636,
    "precision": 0.11363636363636363,
    "recall": 0.45454545454545453,
    "f1": 0.18181818181818182,
    "rmse": 1.33293227035749,
    "mae": 0.45904591016012736,
    "r2": -0.22731236532433408
  },
  "public_services": {
    "optimal_threshold": 0.0,
    "accuracy": 0.38338658146964855,
    "precision": 0.010526315789473684,
    "recall": 0.2857142857142857,
    "f1": 0.02030456852791878,
    "rmse": 0.35795958982540554,
    "mae": 0.1429862695877073,
    "r2": -4.8605343005578545
  }
}