{
  "loan": {
    "optimal_threshold": 11911.60407070707,
    "accuracy": 0.6358024691358025,
    "precision": 0.6666666666666666,
    "recall": 0.3380281690140845,
    "f1": 0.4485981308411215,
    "rmse": 28851.37781775963,
    "mae": 11123.618115432098,
    "r2": 0.17497594414613182
  },
  "utility": {
    "optimal_threshold": 657.3872242424239,
    "accuracy": 0.6851851851851852,
    "precision": 0.7341772151898734,
    "recall": 0.6590909090909091,
    "f1": 0.6946107784431138,
    "rmse": 2760.8409000942893,
    "mae": 1372.5530425925924,
    "r2": 0.12650320206606513
  },
  "finance": {
    "optimal_threshold": 1460.517120202022,
    "accuracy": 0.7345679012345679,
    "precision": 0.8266666666666667,
    "recall": 0.6739130434782609,
    "f1": 0.7425149700598802,
    "rmse": 13659.965190611352,
    "mae": 3595.813902469135,
    "r2": 0.683240576479934
  },
  "shopping": {
    "optimal_threshold": 1935.9035727272726,
    "accuracy": 0.6666666666666666,
    "precision": 0.631578947368421,
    "recall": 0.5217391304347826,
    "f1": 0.5714285714285714,
    "rmse": 32583.91507588112,
    "mae": 6469.174385802468,
    "r2": 0.2142871896835714
  },
  "financial_services": {
    "optimal_threshold": 2079.468215151515,
    "accuracy": 0.6296296296296297,
    "precision": 0.2631578947368421,
    "recall": 0.45454545454545453,
    "f1": 0.3333333333333333,
    "rmse": 84979.95182123601,
    "mae": 17597.75139444444,
    "r2": 0.25473184679466676
  },
  "health_and_care": {
    "optimal_threshold": 0.0,
    "accuracy": 0.17901234567901234,
    "precision": 0.0958904109589041,
    "recall": 0.9333333333333333,
    "f1": 0.17391304347826086,
    "rmse": 4850.072569768978,
    "mae": 693.1986814814813,
    "r2": -0.06263499058177069
  },
  "home_lifestyle": {
    "optimal_threshold": 678.5340404040401,
    "accuracy": 0.7839506172839507,
    "precision": 0.3076923076923077,
    "recall": 0.13333333333333333,
    "f1": 0.18604651162790697,
    "rmse": 9671.958570442672,
    "mae": 1668.987709876543,
    "r2": -0.01667864865314872
  },
  "transport_travel": {
    "optimal_threshold": 2708.4549494949492,
    "accuracy": 0.9382716049382716,
    "precision": 0.2,
    "recall": 0.14285714285714285,
    "f1": 0.16666666666666666,
    "rmse": 7971.595591905787,
    "mae": 1317.209212962963,
    "r2": -402.0112947634008
  },
  "leisure": {
    "optimal_threshold": 280.2248484848485,
    "accuracy": 0.9012345679012346,
    "precision": 0.5454545454545454,
    "recall": 0.35294117647058826,
    "f1": 0.42857142857142855,
    "rmse": 213.39779320387015,
    "mae": 84.6529962962963,
    "r2": 0.2778540356727025
  },
  "public_services": {
    "optimal_threshold": 3049.3237373737375,
    "accuracy": 0.9506172839506173,
    "precision": 0.2857142857142857,
    "recall": 0.4,
    "f1": 0.3333333333333333,
    "rmse": 4175.065656825677,
    "mae": 962.5152049382716,
    "r2": 0.11579873874179647
  }
}