{
  "loan": {
    "rmse": 68901.48210732476,
    "mae": 14750.70338279729,
    "r2": -0.24606390717814075
  },
  "utility": {
    "rmse": 4565.253410545915,
    "mae": 1767.7575615035755,
    "r2": -0.35770753031657
  },
  "finance": {
    "rmse": 13842.156896158725,
    "mae": 4728.105632061069,
    "r2": -4.486187884456116
  },
  "shopping": {
    "rmse": 31779.055947463658,
    "mae": 7374.162759367329,
    "r2": 0.1328436180531054
  },
  "financial_services": {
    "rmse": 583911.4889390485,
    "mae": 67349.96799545517,
    "r2": -52.337076589374036
  },
  "health_and_care": {
    "rmse": 7031.661493714535,
    "mae": 981.5236224522016,
    "r2": -26.143922891519754
  },
  "home_lifestyle": {
    "rmse": 3227.8285060355142,
    "mae": 932.3715436506519,
    "r2": -0.9343345703250965
  },
  "transport_travel": {
    "rmse": 44579.34816271901,
    "mae": 3017.413482862721,
    "r2": -1792.8608914630008
  },
  "leisure": {
    "rmse": 273.19539167584486,
    "mae": 105.0504186145147,
    "r2": -2.8602849492663545
  },
  "public_services": {
    "rmse": 19703.276629745604,
    "mae": 2162.7386932724785,
    "r2": -23.187475068666835
  }
}