{
  "loan": {
    "optimal_threshold": 0.034181205999387815,
    "accuracy": 0.45686900958466453,
    "precision": 0.4295774647887324,
    "recall": 0.9384615384615385,
    "f1": 0.5893719806763285,
    "rmse": 0.40068439846513104,
    "mae": 0.30053188789640345,
    "r2": -0.19331217420185953
  },
  "utility": {
    "optimal_threshold": 0.029347492014158684,
    "accuracy": 0.402555910543131,
    "precision": 0.3680555555555556,
    "recall": 0.954954954954955,
    "f1": 0.531328320802005,
    "rmse": 0.33151461056787224,
    "mae": 0.24862852467035132,
    "r2": -0.16102678305642026
  },
  "finance": {
    "optimal_threshold": 0.09372589531680439,
    "accuracy": 0.5175718849840255,
    "precision": 0.4664179104477612,
    "recall": 0.9398496240601504,
    "f1": 0.6234413965087282,
    "rmse": 0.36374502121599733,
    "mae": 0.2866683935877638,
    "r2": -0.15589301592820393
  },
  "shopping": {
    "optimal_threshold": 0.03278707672256059,
    "accuracy": 0.3738019169329074,
    "precision": 0.3378839590443686,
    "recall": 0.9801980198019802,
    "f1": 0.5025380710659898,
    "rmse": 0.30392773083047686,
    "mae": 0.22355953172496806,
    "r2": -0.13643068097769273
  },
  "financial_services": {
    "optimal_threshold": 0.0,
    "accuracy": 0.1597444089456869,
    "precision": 0.1597444089456869,
    "recall": 1.0,
    "f1": 0.27548209366391185,
    "rmse": 0.2570607287890079,
    "mae": 0.14051525700380046,
    "r2": -0.15357368485908562
  },
  "health_and_care": {
    "optimal_threshold": 0.0,
    "accuracy": 0.07987220447284345,
    "precision": 0.07987220447284345,
    "recall": 1.0,
    "f1": 0.14792899408284024,
    "rmse": 0.10969223440869234,
    "mae": 0.05272177109165363,
    "r2": -0.7853073683891305
  },
  "home_lifestyle": {
    "optimal_threshold": 0.02881694134325714,
    "accuracy": 0.6485623003194888,
    "precision": 0.1574074074074074,
    "recall": 0.4722222222222222,
    "f1": 0.2361111111111111,
    "rmse": 0.1683527510961156,
    "mae": 0.06929898822994085,
    "r2": -0.12866314262273337
  },
  "transport_travel": {
    "optimal_threshold": 0.0,
    "accuracy": 0.04153354632587859,
    "precision": 0.04153354632587859,
    "recall": 1.0,
    "f1": 0.07975460122699386,
    "rmse": 0.12413221891377817,
    "mae": 0.04045682862775569,
    "r2": -0.28620331008372624
  },
  "leisure": {
    "optimal_threshold": 0.05267424242424244,
    "accuracy": 0.8178913738019169,
    "precision": 0.1568627450980392,
    "recall": 0.36363636363636365,
    "f1": 0.2191780821917808,
    "rmse": 0.11158886766755251,
    "mae": 0.04188512173710579,
    "r2": -0.2091008401451404
  },
  "public_services": {
    "optimal_threshold": 0.0691919191919192,
    "accuracy": 0.8817891373801917,
    "precision": 0.03125,
    "recall": 0.14285714285714285,
    "f1": 0.05128205128205128,
    "rmse": 0.11836291384850167,
    "mae": 0.03755193806723186,
    "r2": -0.39209907192560234
  }
}