{
  "loan": {
    "optimal_threshold": 9194.574186868687,
    "accuracy": 0.6107142857142858,
    "precision": 0.61,
    "recall": 0.46564885496183206,
    "f1": 0.5281385281385281,
    "rmse": 59140.844967942074,
    "mae": 19201.718518981535,
    "r2": -0.41480519346556166
  },
  "utility": {
    "optimal_threshold": 767.2183308080807,
    "accuracy": 0.5464285714285714,
    "precision": 0.4295774647887324,
    "recall": 0.5700934579439252,
    "f1": 0.4899598393574297,
    "rmse": 4008.292665917462,
    "mae": 1731.438584516968,
    "r2": -0.42501864080988927
  },
  "finance": {
    "optimal_threshold": 850.3256050505046,
    "accuracy": 0.5642857142857143,
    "precision": 0.5251396648044693,
    "recall": 0.7175572519083969,
    "f1": 0.6064516129032258,
    "rmse": 10079.63756931837,
    "mae": 3935.630553128221,
    "r2": -8.993819197624303
  },
  "shopping": {
    "optimal_threshold": 0.0,
    "accuracy": 0.3464285714285714,
    "precision": 0.3464285714285714,
    "recall": 1.0,
    "f1": 0.5145888594164456,
    "rmse": 14147.881160541514,
    "mae": 5063.200621238328,
    "r2": -5.796093250696785
  },
  "financial_services": {
    "optimal_threshold": 0.0,
    "accuracy": 0.18571428571428572,
    "precision": 0.104,
    "recall": 0.8666666666666667,
    "f1": 0.18571428571428572,
    "rmse": 635635.8164938436,
    "mae": 60703.54781256001,
    "r2": -0.023225959001552665
  },
  "health_and_care": {
    "optimal_threshold": 0.0,
    "accuracy": 0.2571428571428571,
    "precision": 0.07339449541284404,
    "recall": 0.7272727272727273,
    "f1": 0.13333333333333333,
    "rmse": 1079.3657271609536,
    "mae": 339.84027571325504,
    "r2": -7.568897041356225
  },
  "home_lifestyle": {
    "optimal_threshold": 421.75676767676765,
    "accuracy": 0.6928571428571428,
    "precision": 0.12,
    "recall": 0.3103448275862069,
    "f1": 0.17307692307692307,
    "rmse": 3380.7707991540938,
    "mae": 1135.8081535773294,
    "r2": -0.9545466044990376
  },
  "transport_travel": {
    "optimal_threshold": 6747.201818181818,
    "accuracy": 0.9142857142857143,
    "precision": 0.14285714285714285,
    "recall": 0.05263157894736842,
    "f1": 0.07692307692307693,
    "rmse": 8939.463762047732,
    "mae": 1156.3138057818878,
    "r2": -0.2402302056054968
  },
  "leisure": {
    "optimal_threshold": 184.97444444444443,
    "accuracy": 0.8607142857142858,
    "precision": 0.125,
    "recall": 0.26666666666666666,
    "f1": 0.1702127659574468,
    "rmse": 253.37334627615022,
    "mae": 103.34837109693876,
    "r2": -0.7462702244117052
  },
  "public_services": {
    "optimal_threshold": 14844.090454545456,
    "accuracy": 0.9642857142857143,
    "precision": 0.5,
    "recall": 0.1,
    "f1": 0.16666666666666666,
    "rmse": 3105.131041407666,
    "mae": 927.9682557726758,
    "r2": -11.772848180792506
  }
}