{
  "loan": {
    "optimal_threshold": 4002.30946989899,
    "accuracy": 0.597444089456869,
    "precision": 0.506578947368421,
    "recall": 0.6015625,
    "f1": 0.55,
    "rmse": 68901.48210732476,
    "mae": 14750.70338279729,
    "r2": -0.24606390717814075
  },
  "utility": {
    "optimal_threshold": 201.25208863636362,
    "accuracy": 0.4440894568690096,
    "precision": 0.372,
    "recall": 0.8454545454545455,
    "f1": 0.5166666666666667,
    "rmse": 4565.253410545915,
    "mae": 1767.7575615035755,
    "r2": -0.35770753031657
  },
  "finance": {
    "optimal_threshold": 0.0,
    "accuracy": 0.46645367412140576,
    "precision": 0.4645161290322581,
    "recall": 0.993103448275862,
    "f1": 0.6329670329670329,
    "rmse": 13842.156896158724,
    "mae": 4728.105632061069,
    "r2": -4.486187884456115
  },
  "shopping": {
    "optimal_threshold": 0.0,
    "accuracy": 0.3769968051118211,
    "precision": 0.3769968051118211,
    "recall": 1.0,
    "f1": 0.5475638051044084,
    "rmse": 31779.055947463658,
    "mae": 7374.162759367329,
    "r2": 0.1328436180531054
  },
  "financial_services": {
    "optimal_threshold": 0.0,
    "accuracy": 0.2012779552715655,
    "precision": 0.11191335740072202,
    "recall": 0.8857142857142857,
    "f1": 0.1987179487179487,
    "rmse": 583911.4889390485,
    "mae": 67349.96799545517,
    "r2": -52.337076589374036
  },
  "health_and_care": {
    "optimal_threshold": 16858.38303030303,
    "accuracy": 0.9201277955271565,
    "precision": 0.5,
    "recall": 0.04,
    "f1": 0.07407407407407407,
    "rmse": 7031.661493714535,
    "mae": 981.5236224522016,
    "r2": -26.143922891519754
  },
  "home_lifestyle": {
    "optimal_threshold": 527.8787878787879,
    "accuracy": 0.7380191693290735,
    "precision": 0.14285714285714285,
    "recall": 0.3125,
    "f1": 0.19607843137254902,
    "rmse": 3227.8285060355142,
    "mae": 932.3715436506519,
    "r2": -0.9343345703250965
  },
  "transport_travel": {
    "optimal_threshold": 0.0,
    "accuracy": 0.33865814696485624,
    "precision": 0.024271844660194174,
    "recall": 0.45454545454545453,
    "f1": 0.04608294930875576,
    "rmse": 44579.34816271901,
    "mae": 3017.413482862721,
    "r2": -1792.8608914630008
  },
  "leisure": {
    "optimal_threshold": 319.030303030303,
    "accuracy": 0.8977635782747604,
    "precision": 0.25,
    "recall": 0.3,
    "f1": 0.2727272727272727,
    "rmse": 273.19539167584486,
    "mae": 105.0504186145147,
    "r2": -2.8602849492663545
  },
  "public_services": {
    "optimal_threshold": 0.0,
    "accuracy": 0.3769968051118211,
    "precision": 0.055,
    "recall": 0.6470588235294118,
    "f1": 0.10138248847926268,
    "rmse": 19703.276629745607,
    "mae": 2162.7386932724785,
    "r2": -23.187475068666842
  }
}