{
  "loan": {
    "rmse": 0.40068439846513104,
    "mae": 0.30053188789640345,
    "r2": -0.19331217420185953
  },
  "utility": {
    "rmse": 0.33151461056787224,
    "mae": 0.24862852467035132,
    "r2": -0.16102678305642026
  },
  "finance": {
    "rmse": 0.36374502121599733,
    "mae": 0.2866683935877638,
    "r2": -0.15589301592820393
  },
  "shopping": {
    "rmse": 0.30392773083047686,
    "mae": 0.22355953172496806,
    "r2": -0.13643068097769273
  },
  "financial_services": {
    "rmse": 0.2570607287890079,
    "mae": 0.14051525700380046,
    "r2": -0.15357368485908562
  },
  "health_and_care": {
    "rmse": 0.10969223440869234,
    "mae": 0.05272177109165363,
    "r2": -0.7853073683891305
  },
  "home_lifestyle": {
    "rmse": 0.1683527510961156,
    "mae": 0.06929898822994085,
    "r2": -0.12866314262273337
  },
  "transport_travel": {
    "rmse": 0.12413221891377817,
    "mae": 0.04045682862775569,
    "r2": -0.28620331008372624
  },
  "leisure": {
    "rmse": 0.11158886766755251,
    "mae": 0.04188512173710579,
    "r2": -0.2091008401451404
  },
  "public_services": {
    "rmse": 0.11836291384850167,
    "mae": 0.03755193806723186,
    "r2": -0.39209907192560234
  }
}