{
  "loan": {
    "rmse": 1.6814230796939993,
    "mae": 1.0684724196641129,
    "r2": -0.15126669876695553
  },
  "utility": {
    "rmse": 2.2660783692911672,
    "mae": 1.3618512480153855,
    "r2": -0.20066086905839575
  },
  "finance": {
    "rmse": 7.885821436575198,
    "mae": 3.9110392646934184,
    "r2": -1.4672406421959474
  },
  "shopping": {
    "rmse": 3.352997550481372,
    "mae": 1.9121056941815726,
    "r2": -0.7639460480078157
  },
  "financial_services": {
    "rmse": 5.59565455956191,
    "mae": 1.2717154516587423,
    "r2": -0.03973184035842192
  },
  "health_and_care": {
    "rmse": 0.6141080914901489,
    "mae": 0.3014612642416156,
    "r2": -0.3392390284221738
  },
  "home_lifestyle": {
    "rmse": 0.6452261156887649,
    "mae": 0.33443518675148065,
    "r2": -0.7298386095935261
  },
  "transport_travel": {
    "rmse": 0.4654769430283155,
    "mae": 0.17930902430902432,
    "r2": -1.1901386863183419
  },
  "leisure": {
    "rmse": 1.33293227035749,
    "mae": 0.4590459101601274,
    "r2": -0.22731236532433408
  },
  "public_services": {
    "rmse": 0.35795958982540554,
    "mae": 0.1429862695877073,
    "r2": -4.8605343005578545
  }
}