cluster,avg_distance_to_centroid,median_distance_to_centroid,std_distance_to_centroid,n_points
0,0.17483436,0.17007203,0.024408095,337
1,0.16149667,0.16271585,0.025456956,107
2,0.18788281,0.1865307,0.023659656,641
3,0.17685668,0.17899947,0.029766487,419
4,0.18285148,0.1811961,0.028628053,493
5,0.18907648,0.18794134,0.023236454,317
6,0.19895822,0.19771834,0.019556768,568
7,0.16793478,0.16393079,0.03058867,390
8,0.17430973,0.17359039,0.031761017,599
