cluster,avg_distance_to_centroid,median_distance_to_centroid,std_distance_to_centroid,n_points
0,0.19548868,0.19292353,0.023836795,464
1,0.18121912,0.17984872,0.025932254,525
2,0.17114471,0.1680508,0.02945895,404
3,0.1738302,0.17347422,0.031703934,594
4,0.17842075,0.17615929,0.026731387,465
5,0.17505573,0.1725221,0.028002929,512
6,0.18907648,0.18794134,0.023236454,317
7,0.16149667,0.16271585,0.025456956,107
8,0.18398385,0.18304539,0.029050197,483
