{
  "charity": {
    "precision": 0.9701371578368383,
    "recall": 0.6613418530351438,
    "f1": 0.7824616624676064,
    "accuracy": 0.6613418530351438,
    "support": 313.0
  },
  "loan": {
    "precision": 0.6524139082653544,
    "recall": 0.6357827476038339,
    "f1": 0.639041660013943,
    "accuracy": 0.6357827476038339,
    "support": 313.0
  },
  "utility": {
    "precision": 0.5243832580649964,
    "recall": 0.4984025559105431,
    "f1": 0.5059866102337225,
    "accuracy": 0.4984025559105431,
    "support": 313.0
  },
  "investment": {
    "precision": 0.9619393310451121,
    "recall": 0.5910543130990416,
    "f1": 0.7112338453656779,
    "accuracy": 0.5910543130990416,
    "support": 313.0
  },
  "finance": {
    "precision": 0.653992957939408,
    "recall": 0.6517571884984026,
    "f1": 0.6520701997584214,
    "accuracy": 0.6517571884984026,
    "support": 313.0
  },
  "shopping": {
    "precision": 0.5438672786614194,
    "recall": 0.5047923322683706,
    "f1": 0.5140419229242551,
    "accuracy": 0.5047923322683706,
    "support": 313.0
  },
  "personal_care": {
    "precision": 0.945593968523838,
    "recall": 0.5814696485623003,
    "f1": 0.7116417198129367,
    "accuracy": 0.5814696485623003,
    "support": 313.0
  },
  "medical": {
    "precision": 0.9005736479895473,
    "recall": 0.584664536741214,
    "f1": 0.6983366945793261,
    "accuracy": 0.5846645367412141,
    "support": 313.0
  },
  "home_and_living": {
    "precision": 0.8217965910574985,
    "recall": 0.43769968051118213,
    "f1": 0.5406190963621406,
    "accuracy": 0.43769968051118213,
    "support": 313.0
  },
  "insurance": {
    "precision": 0.8355169937980951,
    "recall": 0.5431309904153354,
    "f1": 0.6489295997713841,
    "accuracy": 0.5431309904153354,
    "support": 313.0
  },
  "automotive": {
    "precision": 0.9808414937184516,
    "recall": 0.6517571884984025,
    "f1": 0.7809661455866362,
    "accuracy": 0.6517571884984026,
    "support": 313.0
  },
  "restaurant": {
    "precision": 0.8993740482241017,
    "recall": 0.48242811501597443,
    "f1": 0.5951624865652743,
    "accuracy": 0.48242811501597443,
    "support": 313.0
  },
  "business": {
    "precision": 0.9856294186329985,
    "recall": 0.7891373801916932,
    "f1": 0.8765061615700593,
    "accuracy": 0.7891373801916933,
    "support": 313.0
  },
  "entertainment": {
    "precision": 0.9824360851575469,
    "recall": 0.7763578274760383,
    "f1": 0.8655388442270945,
    "accuracy": 0.7763578274760383,
    "support": 313.0
  },
  "bank": {
    "precision": 0.9864042424824143,
    "recall": 0.7476038338658147,
    "f1": 0.8467836714978106,
    "accuracy": 0.7476038338658147,
    "support": 313.0
  },
  "education": {
    "precision": 0.9778784324827113,
    "recall": 0.7476038338658147,
    "f1": 0.8473754606888576,
    "accuracy": 0.7476038338658147,
    "support": 313.0
  },
  "pet_care": {
    "precision": 0.9933075500252229,
    "recall": 0.9073482428115016,
    "f1": 0.9483840929889062,
    "accuracy": 0.9073482428115016,
    "support": 313.0
  },
  "government": {
    "precision": 0.9246419685949291,
    "recall": 0.5846645367412141,
    "f1": 0.7104244253611989,
    "accuracy": 0.5846645367412141,
    "support": 313.0
  },
  "travel": {
    "precision": 0.9850075377231927,
    "recall": 0.731629392971246,
    "f1": 0.8396189712695848,
    "accuracy": 0.731629392971246,
    "support": 313.0
  },
  "transportation": {
    "precision": 0.9474491775335974,
    "recall": 0.5686900958466453,
    "f1": 0.6978264115747216,
    "accuracy": 0.5686900958466453,
    "support": 313.0
  },
  "visit": {
    "precision": 0.9785641419528479,
    "recall": 0.7060702875399361,
    "f1": 0.8163863604396489,
    "accuracy": 0.7060702875399361,
    "support": 313.0
  }
}