{
  "loan": {
    "accuracy": 0.6293929712460063,
    "precision": 0.5714285714285714,
    "recall": 0.4307692307692308,
    "f1": 0.49122807017543857,
    "roc_auc": 0.6720891130727196
  },
  "utility": {
    "accuracy": 0.645367412140575,
    "precision": 0.5,
    "recall": 0.11711711711711711,
    "f1": 0.1897810218978102,
    "roc_auc": 0.5935911158683436
  },
  "finance": {
    "accuracy": 0.645367412140575,
    "precision": 0.5723684210526315,
    "recall": 0.6541353383458647,
    "f1": 0.6105263157894737,
    "roc_auc": 0.6872598162071846
  },
  "shopping": {
    "accuracy": 0.6837060702875399,
    "precision": 0.6666666666666666,
    "recall": 0.039603960396039604,
    "f1": 0.07476635514018691,
    "roc_auc": 0.5239118251447786
  },
  "financial_services": {
    "accuracy": 0.8402555910543131,
    "precision": 0.0,
    "recall": 0.0,
    "f1": 0.0,
    "roc_auc": 0.5083269961977187
  },
  "health_and_care": {
    "accuracy": 0.9201277955271565,
    "precision": 0.0,
    "recall": 0.0,
    "f1": 0.0,
    "roc_auc": 0.5843055555555555
  },
  "home_lifestyle": {
    "accuracy": 0.8849840255591054,
    "precision": 0.0,
    "recall": 0.0,
    "f1": 0.0,
    "roc_auc": 0.5555555555555555
  },
  "transport_travel": {
    "accuracy": 0.9584664536741214,
    "precision": 0.0,
    "recall": 0.0,
    "f1": 0.0,
    "roc_auc": 0.5598717948717948
  },
  "leisure": {
    "accuracy": 0.9297124600638977,
    "precision": 0.0,
    "recall": 0.0,
    "f1": 0.0,
    "roc_auc": 0.5964542330521712
  },
  "public_services": {
    "accuracy": 0.9776357827476039,
    "precision": 0.0,
    "recall": 0.0,
    "f1": 0.0,
    "roc_auc": 0.5933706816059757
  }
}