{
  "loan": {
    "optimal_threshold": 0.6414095546384216,
    "accuracy": 0.7160493827160493,
    "precision": 0.8378378378378378,
    "recall": 0.43661971830985913,
    "f1": 0.5740740740740741,
    "roc_auc": 0.771397616468039
  },
  "utility": {
    "optimal_threshold": 0.5791667276702559,
    "accuracy": 0.7222222222222222,
    "precision": 0.7654320987654321,
    "recall": 0.7045454545454546,
    "f1": 0.7337278106508875,
    "roc_auc": 0.754453316953317
  },
  "finance": {
    "optimal_threshold": 0.5259121017416905,
    "accuracy": 0.7222222222222222,
    "precision": 0.8852459016393442,
    "recall": 0.5869565217391305,
    "f1": 0.7058823529411765,
    "roc_auc": 0.8177018633540373
  },
  "shopping": {
    "optimal_threshold": 0.4042671688784832,
    "accuracy": 0.7345679012345679,
    "precision": 0.6805555555555556,
    "recall": 0.7101449275362319,
    "f1": 0.6950354609929078,
    "roc_auc": 0.7977247935172199
  },
  "financial_services": {
    "optimal_threshold": 0.22369702580524456,
    "accuracy": 0.8580246913580247,
    "precision": 0.7272727272727273,
    "recall": 0.48484848484848486,
    "f1": 0.5818181818181818,
    "roc_auc": 0.7616866337796571
  },
  "health_and_care": {
    "optimal_threshold": 0.17661064891692366,
    "accuracy": 0.7530864197530864,
    "precision": 0.14285714285714285,
    "recall": 0.3333333333333333,
    "f1": 0.2,
    "roc_auc": 0.5505668934240363
  },
  "home_lifestyle": {
    "optimal_threshold": 0.2393060148719932,
    "accuracy": 0.808641975308642,
    "precision": 0.47619047619047616,
    "recall": 0.3333333333333333,
    "f1": 0.39215686274509803,
    "roc_auc": 0.6348484848484849
  },
  "transport_travel": {
    "optimal_threshold": 0.1928517379718551,
    "accuracy": 0.9506172839506173,
    "precision": 0.0,
    "recall": 0.0,
    "f1": 0.0,
    "roc_auc": 0.728110599078341
  },
  "leisure": {
    "optimal_threshold": 0.396969708917113,
    "accuracy": 0.9197530864197531,
    "precision": 1.0,
    "recall": 0.23529411764705882,
    "f1": 0.38095238095238093,
    "roc_auc": 0.759026369168357
  },
  "public_services": {
    "optimal_threshold": 0.16283539339705733,
    "accuracy": 0.9691358024691358,
    "precision": 0.5,
    "recall": 0.2,
    "f1": 0.2857142857142857,
    "roc_auc": 0.9388535031847134
  }
}