{
  "loan": {
    "optimal_threshold": 0.4177259985102855,
    "accuracy": 0.6421725239616614,
    "precision": 0.5671641791044776,
    "recall": 0.5846153846153846,
    "f1": 0.5757575757575758,
    "roc_auc": 0.6636822194199243
  },
  "utility": {
    "optimal_threshold": 0.4576596304344854,
    "accuracy": 0.5846645367412141,
    "precision": 0.4326241134751773,
    "recall": 0.5495495495495496,
    "f1": 0.48412698412698413,
    "roc_auc": 0.5947283917580947
  },
  "finance": {
    "optimal_threshold": 0.5315280949688133,
    "accuracy": 0.65814696485623,
    "precision": 0.6065573770491803,
    "recall": 0.556390977443609,
    "f1": 0.5803921568627451,
    "roc_auc": 0.6935672514619884
  },
  "shopping": {
    "optimal_threshold": 0.47675216372038126,
    "accuracy": 0.5335463258785943,
    "precision": 0.3509933774834437,
    "recall": 0.5247524752475248,
    "f1": 0.42063492063492064,
    "roc_auc": 0.5247758266392677
  },
  "financial_services": {
    "optimal_threshold": 0.26057885541897596,
    "accuracy": 0.6645367412140575,
    "precision": 0.2222222222222222,
    "recall": 0.44,
    "f1": 0.2953020134228188,
    "roc_auc": 0.5486692015209126
  },
  "health_and_care": {
    "optimal_threshold": 0.22171643817469947,
    "accuracy": 0.6389776357827476,
    "precision": 0.10714285714285714,
    "recall": 0.48,
    "f1": 0.17518248175182483,
    "roc_auc": 0.5963888888888889
  },
  "home_lifestyle": {
    "optimal_threshold": 0.1454536908009369,
    "accuracy": 0.7699680511182109,
    "precision": 0.17857142857142858,
    "recall": 0.2777777777777778,
    "f1": 0.21739130434782608,
    "roc_auc": 0.5536000802246289
  },
  "transport_travel": {
    "optimal_threshold": 0.37777254329991544,
    "accuracy": 0.9169329073482428,
    "precision": 0.06666666666666667,
    "recall": 0.07692307692307693,
    "f1": 0.07142857142857142,
    "roc_auc": 0.5652564102564103
  },
  "leisure": {
    "optimal_threshold": 0.17190086876826166,
    "accuracy": 0.8817891373801917,
    "precision": 0.17391304347826086,
    "recall": 0.18181818181818182,
    "f1": 0.17777777777777778,
    "roc_auc": 0.6105904404873477
  },
  "public_services": {
    "optimal_threshold": 0.4419157318841469,
    "accuracy": 0.9776357827476039,
    "precision": 0.0,
    "recall": 0.0,
    "f1": 0.0,
    "roc_auc": 0.5933706816059757
  }
}