{
  "loan": {
    "optimal_threshold": 0.43421749630979917,
    "accuracy": 0.6928571428571428,
    "precision": 0.6829268292682927,
    "recall": 0.6412213740458015,
    "f1": 0.6614173228346457,
    "roc_auc": 0.7301091244428506
  },
  "utility": {
    "optimal_threshold": 0.4676071859441362,
    "accuracy": 0.6321428571428571,
    "precision": 0.5256410256410257,
    "recall": 0.38317757009345793,
    "f1": 0.44324324324324327,
    "roc_auc": 0.5947004483820431
  },
  "finance": {
    "optimal_threshold": 0.3661378840575507,
    "accuracy": 0.6285714285714286,
    "precision": 0.5714285714285714,
    "recall": 0.8244274809160306,
    "f1": 0.675,
    "roc_auc": 0.6823607766791331
  },
  "shopping": {
    "optimal_threshold": 0.460303106612783,
    "accuracy": 0.55,
    "precision": 0.4088050314465409,
    "recall": 0.6701030927835051,
    "f1": 0.5078125,
    "roc_auc": 0.5926708354458903
  },
  "financial_services": {
    "optimal_threshold": 0.4507020462180858,
    "accuracy": 0.7321428571428571,
    "precision": 0.10526315789473684,
    "recall": 0.2,
    "f1": 0.13793103448275862,
    "roc_auc": 0.49760000000000004
  },
  "health_and_care": {
    "optimal_threshold": 0.05167798657266612,
    "accuracy": 0.5428571428571428,
    "precision": 0.1044776119402985,
    "recall": 0.6363636363636364,
    "f1": 0.1794871794871795,
    "roc_auc": 0.5761099365750528
  },
  "home_lifestyle": {
    "optimal_threshold": 0.3740770538103653,
    "accuracy": 0.8107142857142857,
    "precision": 0.18421052631578946,
    "recall": 0.2413793103448276,
    "f1": 0.208955223880597,
    "roc_auc": 0.630855886797637
  },
  "transport_travel": {
    "optimal_threshold": 0.16260582564722928,
    "accuracy": 0.6821428571428572,
    "precision": 0.09302325581395349,
    "recall": 0.42105263157894735,
    "f1": 0.1523809523809524,
    "roc_auc": 0.5070578745714862
  },
  "leisure": {
    "optimal_threshold": 0.18774566007957966,
    "accuracy": 0.9464285714285714,
    "precision": 0.5,
    "recall": 0.06666666666666667,
    "f1": 0.11764705882352941,
    "roc_auc": 0.798364779874214
  },
  "public_services": {
    "optimal_threshold": 0.33119092866128697,
    "accuracy": 0.8464285714285714,
    "precision": 0.0975609756097561,
    "recall": 0.4,
    "f1": 0.1568627450980392,
    "roc_auc": 0.6829629629629631
  }
}