{
  "loan": {
    "optimal_threshold": 0.46034807931122246,
    "accuracy": 0.6613418530351438,
    "precision": 0.6,
    "recall": 0.515625,
    "f1": 0.5546218487394958,
    "roc_auc": 0.6765413851351352
  },
  "utility": {
    "optimal_threshold": 0.4947796505990279,
    "accuracy": 0.6517571884984026,
    "precision": 1.0,
    "recall": 0.00909090909090909,
    "f1": 0.018018018018018018,
    "roc_auc": 0.5550828481862965
  },
  "finance": {
    "optimal_threshold": 0.49764331171294807,
    "accuracy": 0.6805111821086262,
    "precision": 0.6530612244897959,
    "recall": 0.6620689655172414,
    "f1": 0.6575342465753424,
    "roc_auc": 0.7177750410509031
  },
  "shopping": {
    "optimal_threshold": 0.4616507037469186,
    "accuracy": 0.5463258785942492,
    "precision": 0.43333333333333335,
    "recall": 0.6610169491525424,
    "f1": 0.5234899328859061,
    "roc_auc": 0.5887657540199914
  },
  "financial_services": {
    "optimal_threshold": 0.2828297038787562,
    "accuracy": 0.8019169329073482,
    "precision": 0.13513513513513514,
    "recall": 0.14285714285714285,
    "f1": 0.1388888888888889,
    "roc_auc": 0.5122302158273381
  },
  "health_and_care": {
    "optimal_threshold": 0.09748250700098027,
    "accuracy": 0.6741214057507987,
    "precision": 0.14678899082568808,
    "recall": 0.64,
    "f1": 0.23880597014925373,
    "roc_auc": 0.6588194444444445
  },
  "home_lifestyle": {
    "optimal_threshold": 0.17268994553437564,
    "accuracy": 0.7220447284345048,
    "precision": 0.1518987341772152,
    "recall": 0.375,
    "f1": 0.21621621621621623,
    "roc_auc": 0.6299488434163701
  },
  "transport_travel": {
    "optimal_threshold": 0.09147983042207267,
    "accuracy": 0.7987220447284346,
    "precision": 0.05172413793103448,
    "recall": 0.2727272727272727,
    "f1": 0.08695652173913043,
    "roc_auc": 0.5487658037326911
  },
  "leisure": {
    "optimal_threshold": 0.14785569347375768,
    "accuracy": 0.8594249201277955,
    "precision": 0.2,
    "recall": 0.4,
    "f1": 0.26666666666666666,
    "roc_auc": 0.723122866894198
  },
  "public_services": {
    "optimal_threshold": 0.42113267303432855,
    "accuracy": 0.7763578274760383,
    "precision": 0.05084745762711865,
    "recall": 0.17647058823529413,
    "f1": 0.07894736842105263,
    "roc_auc": 0.4933426073131955
  }
}