{
  "loan": {
    "rmse": 0.40068439846513104,
    "mae": 0.30053188789640345,
    "r2": -0.19331217420185953
  },
  "utility": {
    "rmse": 0.33151461056787224,
    "mae": 0.24862852467035132,
    "r2": -0.16102678305642026
  },
  "finance": {
    "rmse": 0.36374502121599733,
    "mae": 0.2866683935877638,
    "r2": -0.15589301592820393
  },
  "shopping": {
    "rmse": 0.30392773083047686,
    "mae": 0.22355953172496806,
    "r2": -0.13643068097769273
  },
  "other": {
    "rmse": 0.348116309351735,
    "mae": 0.2610045995808719,
    "r2": -0.13086082546377642
  }
}