{
  "loan": {
    "precision": 0.6273291925465838,
    "recall": 0.7709923664122137,
    "f1_score": 0.6917808219178081,
    "optimal_threshold": 0.37628716230392456
  },
  "utility": {
    "precision": 0.4233128834355828,
    "recall": 0.6448598130841121,
    "f1_score": 0.5111111111111112,
    "optimal_threshold": 0.37643706798553467
  },
  "finance": {
    "precision": 0.5853658536585366,
    "recall": 0.732824427480916,
    "f1_score": 0.6508474576271186,
    "optimal_threshold": 0.4283578097820282
  },
  "shopping": {
    "precision": 0.3644067796610169,
    "recall": 0.8865979381443299,
    "f1_score": 0.5165165165165165,
    "optimal_threshold": 0.30306506156921387
  },
  "financial_services": {
    "precision": 0.12857142857142856,
    "recall": 0.9,
    "f1_score": 0.225,
    "optimal_threshold": 0.09476581960916519
  },
  "health_and_care": {
    "precision": 0.1111111111111111,
    "recall": 0.09090909090909091,
    "f1_score": 0.09999999999999999,
    "optimal_threshold": 0.14892932772636414
  },
  "home_lifestyle": {
    "precision": 0.2857142857142857,
    "recall": 0.06896551724137931,
    "f1_score": 0.1111111111111111,
    "optimal_threshold": 0.23435503244400024
  },
  "transport_travel": {
    "precision": 0.08571428571428572,
    "recall": 0.15789473684210525,
    "f1_score": 0.11111111111111112,
    "optimal_threshold": 0.09496868401765823
  },
  "leisure": {
    "precision": 0.08888888888888889,
    "recall": 0.26666666666666666,
    "f1_score": 0.13333333333333333,
    "optimal_threshold": 0.11664792895317078
  },
  "public_services": {
    "precision": 0.0,
    "recall": 0.0,
    "f1_score": 0,
    "optimal_threshold": 0.12269227206707001
  }
}