epoch,step,min,max,mean,std
1,10000,-0.0820605531334877,0.1543952077627182,0.0002843416586983949,0.008506491780281067
