epoch,step,min,max,mean,std
1,10000,-0.001912956591695547,0.0035317521542310715,7.74800791987218e-05,0.0006820440758019686
