epoch,step,min,max,mean,std
1,10000,-0.05475732684135437,0.06693104654550552,0.0002778417547233403,0.007162341382354498
