epoch,step,min,max,mean,std
1,10000,-0.004649273119866848,0.006119543220847845,8.756718307267874e-05,0.0014745587250217795
