epoch,step,min,max,mean,std
1,10000,-0.09638191759586334,0.42845797538757324,0.002197657246142626,0.017751984298229218
