epoch,step,min,max,mean,std
1,10000,-0.02838149294257164,0.0686914473772049,0.004315423779189587,0.015986977145075798
