{
  "loan": {
    "optimal_threshold": 0.3188374858529917,
    "accuracy": 0.6230031948881789,
    "precision": 0.53,
    "recall": 0.8153846153846154,
    "f1": 0.6424242424242425,
    "roc_auc": 0.6720891130727196
  },
  "utility": {
    "optimal_threshold": 0.37065395382364863,
    "accuracy": 0.5111821086261981,
    "precision": 0.40625,
    "recall": 0.8198198198198198,
    "f1": 0.5432835820895522,
    "roc_auc": 0.5935911158683436
  },
  "finance": {
    "optimal_threshold": 0.47139640250869164,
    "accuracy": 0.6261980830670927,
    "precision": 0.5412371134020618,
    "recall": 0.7894736842105263,
    "f1": 0.6422018348623854,
    "roc_auc": 0.6872598162071846
  },
  "shopping": {
    "optimal_threshold": 0.47518922207955216,
    "accuracy": 0.3738019169329074,
    "precision": 0.3333333333333333,
    "recall": 0.9405940594059405,
    "f1": 0.49222797927461137,
    "roc_auc": 0.5239118251447786
  },
  "financial_services": {
    "optimal_threshold": 0.4482841764728957,
    "accuracy": 0.1597444089456869,
    "precision": 0.1597444089456869,
    "recall": 1.0,
    "f1": 0.27548209366391185,
    "roc_auc": 0.5083269961977187
  },
  "health_and_care": {
    "optimal_threshold": 0.1899344372643461,
    "accuracy": 0.3450479233226837,
    "precision": 0.10176991150442478,
    "recall": 0.92,
    "f1": 0.18326693227091634,
    "roc_auc": 0.5843055555555555
  },
  "home_lifestyle": {
    "optimal_threshold": 0.12553942070249305,
    "accuracy": 0.6773162939297125,
    "precision": 0.16494845360824742,
    "recall": 0.4444444444444444,
    "f1": 0.24060150375939848,
    "roc_auc": 0.5555555555555555
  },
  "transport_travel": {
    "optimal_threshold": 0.10857769967909364,
    "accuracy": 0.6325878594249201,
    "precision": 0.0603448275862069,
    "recall": 0.5384615384615384,
    "f1": 0.10852713178294573,
    "roc_auc": 0.5598717948717948
  },
  "leisure": {
    "optimal_threshold": 0.1439511168630548,
    "accuracy": 0.8722044728434505,
    "precision": 0.2,
    "recall": 0.2727272727272727,
    "f1": 0.23076923076923078,
    "roc_auc": 0.5964542330521712
  },
  "public_services": {
    "optimal_threshold": 0.4419157318841469,
    "accuracy": 0.7507987220447284,
    "precision": 0.03896103896103896,
    "recall": 0.42857142857142855,
    "f1": 0.07142857142857142,
    "roc_auc": 0.5933706816059757
  }
}