{
  "loan": 11911.60407070707,
  "utility": 657.3872242424239,
  "finance": 1460.517120202022,
  "shopping": 1935.9035727272726,
  "financial_services": 2079.468215151515,
  "health_and_care": 0.0,
  "home_lifestyle": 678.5340404040401,
  "transport_travel": 2708.4549494949492,
  "leisure": 280.2248484848485,
  "public_services": 3049.3237373737375
}