{
  "loan": 9194.574186868687,
  "utility": 767.2183308080807,
  "finance": 850.3256050505046,
  "shopping": 0.0,
  "financial_services": 0.0,
  "health_and_care": 0.0,
  "home_lifestyle": 421.75676767676765,
  "transport_travel": 6747.201818181818,
  "leisure": 184.97444444444443,
  "public_services": 14844.090454545456
}