{
  "loan": 4002.30946989899,
  "utility": 201.25208863636362,
  "finance": 0.0,
  "shopping": 0.0,
  "financial_services": 0.0,
  "health_and_care": 16858.38303030303,
  "home_lifestyle": 527.8787878787879,
  "transport_travel": 0.0,
  "leisure": 319.030303030303,
  "public_services": 0.0
}