{
  "charity": {
    "rmse": 0.03690398516228754,
    "mae": 0.009684205252002863,
    "r2": -1.2507487317201518
  },
  "loan": {
    "rmse": 0.40068439846513104,
    "mae": 0.30053188789640345,
    "r2": -0.19331217420185953
  },
  "utility": {
    "rmse": 0.33151461056787224,
    "mae": 0.24862852467035132,
    "r2": -0.16102678305642026
  },
  "investment": {
    "rmse": 0.15276686905149953,
    "mae": 0.046924962194889425,
    "r2": -0.16576293236880768
  },
  "finance": {
    "rmse": 0.36374502121599733,
    "mae": 0.2866683935877638,
    "r2": -0.1558930159282037
  },
  "shopping": {
    "rmse": 0.3039277308304769,
    "mae": 0.22355953172496806,
    "r2": -0.13643068097769295
  },
  "personal_care": {
    "rmse": 0.06679214584882139,
    "mae": 0.019704940176554997,
    "r2": -0.4117620483676332
  },
  "medical": {
    "rmse": 0.07776199406911438,
    "mae": 0.031427519147437105,
    "r2": -0.8156268691725208
  },
  "home_and_living": {
    "rmse": 0.15942542325412684,
    "mae": 0.061273795182477955,
    "r2": -0.15383947478890936
  },
  "insurance": {
    "rmse": 0.2074042111750795,
    "mae": 0.09833342883615823,
    "r2": -0.09555159196936103
  },
  "automotive": {
    "rmse": 0.04339543988817082,
    "mae": 0.006624260306453008,
    "r2": -1.3652783822091457
  },
  "restaurant": {
    "rmse": 0.10835881907576808,
    "mae": 0.03846945626745352,
    "r2": -0.1663704498420262
  },
  "business": {
    "rmse": 0.03198647629528303,
    "mae": 0.006444200079074226,
    "r2": -5.968155794418371
  },
  "entertainment": {
    "rmse": 0.02021587572270642,
    "mae": 0.003494412962659825,
    "r2": -0.5262461504424008
  },
  "bank": {
    "rmse": 0.03750424520683591,
    "mae": 0.006487949834460122,
    "r2": -4.741670850654749
  },
  "education": {
    "rmse": 0.06110949414612265,
    "mae": 0.00798715715235452,
    "r2": -0.10529462674136325
  },
  "pet_care": {
    "rmse": 0.020460372673357388,
    "mae": 0.0032380917804240494,
    "r2": 0.0
  },
  "government": {
    "rmse": 0.1129646427685725,
    "mae": 0.02860654348905147,
    "r2": -0.34260390825712594
  },
  "travel": {
    "rmse": 0.02646545617404835,
    "mae": 0.0038071400084925245,
    "r2": -0.057104255548330984
  },
  "transportation": {
    "rmse": 0.11544195751956593,
    "mae": 0.03170701519996808,
    "r2": -0.25189872355546084
  },
  "visit": {
    "rmse": 0.010180955500263173,
    "mae": 0.0021047666081746284,
    "r2": -2.2547014655562068
  },
  "system_dpst": {
    "rmse": 0.014130835473605536,
    "mae": 0.0007987220447284345,
    "r2": -0.003205128205128416
  }
}