cluster,avg_distance_to_centroid,median_distance_to_centroid,std_distance_to_centroid,n_points
0,0.22572264,0.19550973,0.06877076,4
1,0.19183436,0.20412923,0.033897046,5
2,0.20658448,0.20658448,0.010172574,2
3,0.17388827,0.17431352,0.011990758,3
4,0.20900366,0.20606971,0.02568415,7
5,0.22862104,0.19209372,0.07772095,8
6,0.2298338,0.22003,0.05632812,5
7,0.17160109,0.18110673,0.02170944,7
8,0.18875472,0.20448366,0.030332595,3
